"Sample_ID","BasinWideUnit","Creek","SpeciesCode","FieldSeason","LifeStage","ForkLength","FishWeight","FultonConditionFactor","Latitude","Longitude","HabitatType","Length_m","EstWidth_m","EstSurfaceArea_msq","MaxDepth_m","CrestDepth_m","ResidualPoolDepth_m","SectionNum","RiverReach","Gastropoda_snail","Isopoda","Megaloptera","Coleoptera","Diptera","Littorinimorpha","Hemiptera","Trichoptera","Araneae","Amphipoda","Hymenoptera","Psocodea","Ephemeroptera","Plecoptera","Lepidoptera","Acari","Neuroptera","Oligochaeta","Bivalvia","Decapoda","Annelida","Odonata","Diplopoda","Thysanoptera","Siphonaptera","Slug","Salmoniformes","Collembola","Orthoptera"
0.1,1,"Redwood Creek Mainstem","SH","2020","1+",101,12.23,1.187031751,37.860157,-122.57767,"Mid-Channel Pool",556,13,7228,1.5,0,1.5,0.1,"PacificWay",1,2,1,0,0,0,0,0,0,0,0,0,0,0,0,0,0,0,0,0,0,0,0,0,0,0,0,0,0
0.2,1,"Redwood Creek Mainstem","SH","2020","1+",158,41.53,1.052908593,37.860157,-122.57767,"Mid-Channel Pool",556,13,7228,1.5,0,1.5,0.1,"PacificWay",0,0,0,1,0,0,0,0,0,0,0,0,0,0,0,0,0,0,0,0,0,0,0,0,0,0,0,0,0
0.3,1,"Redwood Creek Mainstem","SH","2020","1+",136,28.65,1.138958503,37.860157,-122.57767,"Mid-Channel Pool",556,13,7228,1.5,0,1.5,0.1,"PacificWay",1,0,0,0,1,0,0,0,0,0,0,0,0,0,0,0,0,0,0,0,0,0,0,0,0,0,0,0,0
0.4,1,"Redwood Creek Mainstem","SH","2020","1+",125,23.08,1.181696,37.860157,-122.57767,"Mid-Channel Pool",556,13,7228,1.5,0,1.5,0.1,"PacificWay",0,5,0,0,14,4,0,0,0,0,0,0,0,0,0,0,0,0,0,0,0,0,0,0,0,0,0,0,0
0.5,1,"Redwood Creek Mainstem","SH","2020","1+",110,14.4,1.081893313,37.860157,-122.57767,"Mid-Channel Pool",556,13,7228,1.5,0,1.5,0.1,"PacificWay",0,0,0,0,0,0,0,0,0,0,0,0,0,0,0,0,0,0,0,0,0,0,0,0,0,0,0,0,0
0.6,1,"Redwood Creek Mainstem","SH","2020","1+",128,20.9,0.996589661,37.860157,-122.57767,"Mid-Channel Pool",556,13,7228,1.5,0,1.5,0.1,"PacificWay",0,0,0,0,5,0,0,0,0,0,0,0,0,0,0,0,0,0,0,0,0,0,0,0,0,0,0,0,0
0.7,1,"Redwood Creek Mainstem","SH","2020","1+",102,12.19,1.148690926,37.860157,-122.57767,"Mid-Channel Pool",556,13,7228,1.5,0,1.5,0.1,"PacificWay",0,1,0,1,11,0,1,1,0,0,0,0,0,0,0,0,0,0,0,0,0,0,0,0,0,0,0,0,0
37.1,37,"Redwood Creek Mainstem","SH","2020","YoY",61,2.43,1.070574189,37.86504,-122.57661,"Scour Pool",41.9,6.3,263.97,0.71,0.09,0.62,2,"PacificWay",0,0,0,0,0,0,0,0,0,0,0,0,0,0,0,0,0,0,0,0,0,0,0,0,0,0,0,0,0
37.2,37,"Redwood Creek Mainstem","SH","2020","YoY",73,4.21,1.082214916,37.86504,-122.57661,"Scour Pool",41.9,6.3,263.97,0.71,0.09,0.62,2,"PacificWay",0,0,0,0,0,0,0,0,0,0,0,0,0,0,0,0,0,0,0,0,0,0,0,0,0,0,0,0,0
37.3,37,"Redwood Creek Mainstem","SH","2020","YoY",67,3.17,1.053986029,37.86504,-122.57661,"Scour Pool",41.9,6.3,263.97,0.71,0.09,0.62,2,"PacificWay",0,0,0,0,0,0,0,0,0,0,0,0,0,0,0,0,0,0,0,0,0,0,0,0,0,0,0,0,0
37.4,37,"Redwood Creek Mainstem","SH","2020","YoY",73,3.71,0.953685829,37.86504,-122.57661,"Scour Pool",41.9,6.3,263.97,0.71,0.09,0.62,2,"PacificWay",0,0,0,0,0,0,0,0,0,0,0,0,0,0,0,0,0,0,0,0,0,0,0,0,0,0,0,0,0
57.1,57,"Redwood Creek Mainstem","SH","2020","YoY",51,0.96,0.723703553,37.866513,-122.579249,"Mid-Channel Pool",25.8,4.1,105.78,0.87,0.06,0.81,5,"Highway1",1,0,2,0,1,0,0,1,0,0,0,0,1,0,0,0,0,4,0,0,0,0,0,0,0,0,0,0,0
57.2,57,"Redwood Creek Mainstem","SH","2020","YoY",58,2.12,1.086555414,37.866513,-122.579249,"Mid-Channel Pool",25.8,4.1,105.78,0.87,0.06,0.81,5,"Highway1",0,0,0,0,0,0,0,0,0,0,0,0,0,0,0,0,0,0,0,0,0,0,0,0,0,0,0,0,0
57.3,57,"Redwood Creek Mainstem","SH","2020","YoY",56,2.91,1.657024417,37.866513,-122.579249,"Mid-Channel Pool",25.8,4.1,105.78,0.87,0.06,0.81,5,"Highway1",0,0,0,0,0,0,0,0,0,0,0,0,0,0,0,0,0,0,0,0,0,0,0,0,0,0,0,0,0
57.4,57,"Redwood Creek Mainstem","SH","2020","YoY",65,3.48,1.267182522,37.866513,-122.579249,"Mid-Channel Pool",25.8,4.1,105.78,0.87,0.06,0.81,5,"Highway1",0,0,0,0,0,0,0,0,0,0,0,0,0,0,0,0,0,0,0,0,0,0,0,0,0,0,0,0,0
57.5,57,"Redwood Creek Mainstem","SH","2020","YoY",80,5.48,1.0703125,37.866513,-122.579249,"Mid-Channel Pool",25.8,4.1,105.78,0.87,0.06,0.81,5,"Highway1",0,0,0,1,3,0,0,7,0,0,0,0,0,0,0,0,0,0,1,0,0,0,0,0,0,0,0,0,0
57.6,57,"Redwood Creek Mainstem","SH","2020","1+",111,12.72,0.930075437,37.866513,-122.579249,"Mid-Channel Pool",25.8,4.1,105.78,0.87,0.06,0.81,5,"Highway1",0,0,0,0,1,0,0,0,0,0,0,0,1,0,0,0,0,0,0,0,0,0,0,0,0,0,0,0,0
57.7,57,"Redwood Creek Mainstem","SH","2020","YoY",66,3.41,1.186103459,37.866513,-122.579249,"Mid-Channel Pool",25.8,4.1,105.78,0.87,0.06,0.81,5,"Highway1",0,0,0,0,3,0,0,1,0,0,0,0,2,0,0,0,0,0,0,0,0,0,0,0,0,0,0,0,0
57.8,57,"Redwood Creek Mainstem","SH","2020","1+",141,28.9,1.030956889,37.866513,-122.579249,"Mid-Channel Pool",25.8,4.1,105.78,0.87,0.06,0.81,5,"Highway1",12,0,1,1,0,0,0,7,0,0,0,0,0,0,0,0,0,0,0,0,0,0,0,0,0,0,0,0,0
57.9,57,"Redwood Creek Mainstem","SH","2020","1+",92,7.33,0.94132695,37.866513,-122.579249,"Mid-Channel Pool",25.8,4.1,105.78,0.87,0.06,0.81,5,"Highway1",0,0,1,0,0,0,0,0,0,0,0,0,0,0,0,0,0,0,0,0,0,0,0,0,0,0,0,0,0
57.91,57,"Redwood Creek Mainstem","SH","2020","1+",124,19.98,1.047925548,37.866513,-122.579249,"Mid-Channel Pool",25.8,4.1,105.78,0.87,0.06,0.81,5,"Highway1",0,0,0,0,0,0,0,0,0,0,0,0,0,0,0,0,0,0,0,0,0,0,0,0,0,0,0,0,0
109.1,109,"Redwood Creek Mainstem","SH","2020","YoY",55,2.16,1.298271976,37.86978,-122.58167,"Mid-Channel Pool",5.6,1.5,8.4,0.36,0.1,0.26,10,"Highway1",0,0,0,0,1,0,0,0,0,0,0,0,0,0,0,0,0,0,0,0,0,0,0,0,0,0,0,0,0
109.2,109,"Redwood Creek Mainstem","SH","2020","1+",106,11.94,1.002505424,37.86978,-122.58167,"Mid-Channel Pool",5.6,1.5,8.4,0.36,0.1,0.26,10,"Highway1",0,0,0,0,0,0,0,0,0,0,0,0,0,0,0,0,0,0,0,0,0,0,0,0,0,0,0,0,0
109.3,109,"Redwood Creek Mainstem","SH","2020","1+",95,10.17,1.186178743,37.86978,-122.58167,"Mid-Channel Pool",5.6,1.5,8.4,0.36,0.1,0.26,10,"Highway1",0,0,0,0,0,0,0,0,0,0,0,0,0,0,0,0,0,0,0,0,0,0,0,0,0,0,0,0,0
109.4,109,"Redwood Creek Mainstem","SH","2020","YoY",66,3.08,1.071319253,37.86978,-122.58167,"Mid-Channel Pool",5.6,1.5,8.4,0.36,0.1,0.26,10,"Highway1",0,0,0,0,2,0,0,6,0,0,0,0,1,0,0,0,0,0,0,0,0,0,0,0,0,0,0,0,0
148.1,148,"Redwood Creek Mainstem","SH","2020","1+",119,17.03,1.010587132,37.872729,-122.582945,"Mid-Channel Pool",20.3,4,81.2,0.67,0.06,0.61,14,"Highway1",0,0,0,1,4,0,0,6,1,0,0,0,1,0,0,0,0,0,0,0,0,0,0,0,0,0,0,0,0
148.2,148,"Redwood Creek Mainstem","SH","2020","YoY",54,1.59,1.009754611,37.872729,-122.582945,"Mid-Channel Pool",20.3,4,81.2,0.67,0.06,0.61,14,"Highway1",0,0,0,0,0,0,0,8,0,0,0,0,1,0,1,0,0,0,0,0,0,0,0,0,0,0,0,0,0
148.3,148,"Redwood Creek Mainstem","SH","2020","YoY",66,2.98,1.036536161,37.872729,-122.582945,"Mid-Channel Pool",20.3,4,81.2,0.67,0.06,0.61,14,"Highway1",0,0,0,0,2,0,0,3,0,0,0,0,0,0,0,0,0,0,0,0,0,0,0,0,0,0,0,0,0
148.4,148,"Redwood Creek Mainstem","SH","2020","YoY",60,2.52,1.166666667,37.872729,-122.582945,"Mid-Channel Pool",20.3,4,81.2,0.67,0.06,0.61,14,"Highway1",0,0,0,0,2,0,0,0,0,0,0,0,0,0,0,0,0,0,0,0,0,0,0,0,0,0,0,0,0
196.1,196,"Redwood Creek Mainstem","SH","2020","1+",115,15.11,0.993507027,37.876118,-122.58216,"Scour Pool",14.5,8,116,1.2,0.1,1.1,20,"FrankValley",0,0,0,0,0,0,0,0,0,0,0,0,0,0,0,0,0,0,0,0,0,0,0,0,0,0,0,0,0
196.2,196,"Redwood Creek Mainstem","SH","2020","YoY",66,3.13,1.088710799,37.876118,-122.58216,"Scour Pool",14.5,8,116,1.2,0.1,1.1,20,"FrankValley",0,0,0,0,2,0,0,4,0,0,0,0,0,0,0,0,0,0,0,0,0,0,0,0,0,0,0,0,0
196.3,196,"Redwood Creek Mainstem","SH","2020","YoY",61,2.47,1.088196809,37.876118,-122.58216,"Scour Pool",14.5,8,116,1.2,0.1,1.1,20,"FrankValley",0,0,0,0,0,0,0,3,0,0,0,0,0,0,0,0,0,0,0,0,0,0,0,0,0,0,0,0,0
196.4,196,"Redwood Creek Mainstem","SH","2020","1+",98,10.12,1.075232259,37.876118,-122.58216,"Scour Pool",14.5,8,116,1.2,0.1,1.1,20,"FrankValley",0,0,0,0,0,0,0,4,0,0,0,0,0,0,0,0,0,0,0,0,0,0,0,0,0,0,0,0,0
196.5,196,"Redwood Creek Mainstem","SH","2020","YoY",68,3.37,1.071773865,37.876118,-122.58216,"Scour Pool",14.5,8,116,1.2,0.1,1.1,20,"FrankValley",0,0,0,1,1,0,0,2,0,0,0,0,0,0,0,0,0,0,0,0,0,0,0,0,0,0,0,0,0
196.6,196,"Redwood Creek Mainstem","SH","2020","1+",95,9.59,1.118530398,37.876118,-122.58216,"Scour Pool",14.5,8,116,1.2,0.1,1.1,20,"FrankValley",0,0,0,0,1,0,0,0,0,0,0,0,0,0,0,0,0,0,0,0,0,0,0,0,0,0,0,0,0
196.7,196,"Redwood Creek Mainstem","SH","2020","YoY",76,3.07,0.699354862,37.876118,-122.58216,"Scour Pool",14.5,8,116,1.2,0.1,1.1,20,"FrankValley",1,0,0,0,0,0,0,1,0,0,0,0,0,0,0,0,0,0,0,0,0,0,0,0,0,0,0,0,0
240.1,240,"Redwood Creek Mainstem","SH","2020","YoY",73,5.33,1.370120072,37.877861,-122.579412,"Mid-Channel Pool",11.6,3.1,35.96,0.58,0.11,0.47,24,"FrankValley",0,0,0,0,2,0,0,6,0,0,0,0,0,0,0,0,0,0,0,0,0,0,0,0,0,0,0,0,0
240.2,240,"Redwood Creek Mainstem","SH","2020","YoY",66,3.55,1.234799789,37.877861,-122.579412,"Mid-Channel Pool",11.6,3.1,35.96,0.58,0.11,0.47,24,"FrankValley",0,0,0,0,0,0,0,0,0,0,0,0,0,0,0,0,0,0,0,0,0,0,0,0,0,0,0,0,0
240.3,240,"Redwood Creek Mainstem","SH","2020","YoY",65,3.4,1.238051889,37.877861,-122.579412,"Mid-Channel Pool",11.6,3.1,35.96,0.58,0.11,0.47,24,"FrankValley",0,0,0,0,3,0,0,3,0,0,0,0,1,0,0,0,0,0,0,0,0,0,0,0,0,0,0,0,0
240.4,240,"Redwood Creek Mainstem","SH","2020","1+",143,31.44,1.075163284,37.877861,-122.579412,"Mid-Channel Pool",11.6,3.1,35.96,0.58,0.11,0.47,24,"FrankValley",0,0,0,0,1,0,0,0,0,0,0,0,0,0,0,0,0,0,0,0,0,0,0,0,0,0,0,0,0
240.5,240,"Redwood Creek Mainstem","SH","2020","1+",123,18.98,1.019954677,37.877861,-122.579412,"Mid-Channel Pool",11.6,3.1,35.96,0.58,0.11,0.47,24,"FrankValley",0,0,0,0,0,0,0,0,0,0,0,0,0,0,0,0,0,0,0,0,0,0,0,0,0,0,0,0,0
240.6,240,"Redwood Creek Mainstem","SH","2020","1+",112,14.66,1.043469843,37.877861,-122.579412,"Mid-Channel Pool",11.6,3.1,35.96,0.58,0.11,0.47,24,"FrankValley",0,0,0,0,3,0,0,0,0,0,0,0,0,0,0,0,0,0,0,0,0,0,0,0,0,0,0,0,0
305.1,305,"Redwood Creek Mainstem","SH","2020","YoY",59,2.3,1.119880806,37.880695,-122.57684,"Mid-Channel Pool",15.6,4.7,73.32,0.79,0.07,0.72,29,"KentCreekTrail",0,0,0,0,1,0,0,1,0,0,0,0,0,0,0,0,0,0,0,0,0,0,0,0,0,0,0,0,0
305.2,305,"Redwood Creek Mainstem","SH","2020","YoY",66,3.59,1.248713026,37.880695,-122.57684,"Mid-Channel Pool",15.6,4.7,73.32,0.79,0.07,0.72,29,"KentCreekTrail",0,0,0,0,0,0,0,0,0,0,0,0,2,0,0,0,0,0,0,0,0,0,0,0,0,0,0,0,0
322.1,322,"Redwood Creek Mainstem","SH","2020","YoY",60,3.12,1.444444444,37.881622,-122.575398,"Mid-Channel Pool",16.8,1.9,31.92,0.4,0.1,0.3,31,"KentCreekTrail",0,1,0,0,1,0,0,1,0,0,0,0,0,0,0,0,0,0,0,0,0,0,0,0,0,0,0,0,0
322.2,322,"Redwood Creek Mainstem","SH","2020","1+",143,32.08,1.097049559,37.881622,-122.575398,"Mid-Channel Pool",16.8,1.9,31.92,0.4,0.1,0.3,31,"KentCreekTrail",0,0,0,0,2,0,0,0,0,0,0,0,0,0,0,0,0,0,0,0,0,0,0,0,0,0,0,0,0
322.3,322,"Redwood Creek Mainstem","SH","2020","1+",118,18.45,1.12292396,37.881622,-122.575398,"Mid-Channel Pool",16.8,1.9,31.92,0.4,0.1,0.3,31,"KentCreekTrail",0,0,0,0,1,0,0,1,0,0,0,0,0,0,0,0,0,0,0,0,0,0,0,0,0,0,0,0,0
386.1,386,"Redwood Creek Mainstem","SH","2020","YoY",58,2.2,1.127557505,37.884512,-122.571257,"Riffle",5.9,1.8,10.62,NA,NA,NA,37,"KentCreekTrail",0,0,0,0,3,0,0,8,0,0,0,0,3,0,0,0,0,0,0,0,0,0,0,0,0,0,0,0,0
387.1,387,"Redwood Creek Mainstem","SH","2020","YoY",69,3.48,1.059331708,37.884512,-122.571257,"Mid-Channel Pool",17.5,6.1,106.75,0.66,0.1,0.56,37,"KentCreekTrail",0,0,0,0,0,0,0,2,0,0,0,0,0,0,0,0,0,0,0,0,0,0,0,0,0,0,0,0,0
387.2,387,"Redwood Creek Mainstem","SH","2020","YoY",72,3.71,0.993977195,37.884512,-122.571257,"Mid-Channel Pool",17.5,6.1,106.75,0.66,0.1,0.56,37,"KentCreekTrail",0,0,0,0,5,0,0,3,0,0,0,0,0,0,0,0,0,0,0,0,0,0,0,0,0,0,0,0,0
387.3,387,"Redwood Creek Mainstem","SH","2020","1+",108,13.4,1.063735203,37.884512,-122.571257,"Mid-Channel Pool",17.5,6.1,106.75,0.66,0.1,0.56,37,"KentCreekTrail",0,0,0,0,1,0,0,3,0,0,0,0,0,0,0,0,0,0,0,0,0,0,0,0,0,0,0,0,0
387.4,387,"Redwood Creek Mainstem","SH","2020","YoY",63,2.6,1.039804517,37.884512,-122.571257,"Mid-Channel Pool",17.5,6.1,106.75,0.66,0.1,0.56,37,"KentCreekTrail",0,0,0,1,0,0,0,0,0,0,0,0,0,0,0,0,0,0,0,0,0,0,0,0,0,0,0,0,0
387.5,387,"Redwood Creek Mainstem","SH","2020","YoY",69,3.56,1.083684161,37.884512,-122.571257,"Mid-Channel Pool",17.5,6.1,106.75,0.66,0.1,0.56,37,"KentCreekTrail",0,0,0,0,0,0,0,12,0,0,0,0,0,0,0,0,0,0,0,0,0,0,0,0,0,0,0,0,0
387.6,387,"Redwood Creek Mainstem","SH","2020","1+",107,11.61,0.947721835,37.884512,-122.571257,"Mid-Channel Pool",17.5,6.1,106.75,0.66,0.1,0.56,37,"KentCreekTrail",0,0,0,0,2,0,0,1,0,0,0,0,1,0,0,0,0,0,0,0,0,0,0,0,0,0,0,0,0
387.7,387,"Redwood Creek Mainstem","SH","2020","1+",104,10.96,0.974340009,37.884512,-122.571257,"Mid-Channel Pool",17.5,6.1,106.75,0.66,0.1,0.56,37,"KentCreekTrail",0,0,0,1,2,0,0,4,0,0,0,0,0,0,0,0,0,0,0,0,0,0,0,0,0,0,0,0,0
387.8,387,"Redwood Creek Mainstem","SH","2020","1+",113,13.44,0.931459418,37.884512,-122.571257,"Mid-Channel Pool",17.5,6.1,106.75,0.66,0.1,0.56,37,"KentCreekTrail",0,0,0,0,0,0,0,5,0,0,0,0,0,0,0,0,0,0,0,0,0,0,0,0,0,0,0,0,0
389.1,389,"Redwood Creek Mainstem","SH","2020","1+",91,10.03,1.330996018,37.884512,-122.571257,"Mid-Channel Pool",17.7,5.3,93.81,1.05,0.1,0.95,37,"KentCreekTrail",0,0,0,1,18,0,0,3,0,0,0,0,1,1,0,0,0,0,0,0,0,0,0,0,0,0,0,0,0
389.2,389,"Redwood Creek Mainstem","SH","2020","YoY",70,3.86,1.125364431,37.884512,-122.571257,"Mid-Channel Pool",17.7,5.3,93.81,1.05,0.1,0.95,37,"KentCreekTrail",0,0,0,1,0,0,0,3,0,0,0,0,0,0,0,0,0,0,0,0,0,0,0,0,0,0,0,0,0
389.3,389,"Redwood Creek Mainstem","SH","2020","1+",104,10.75,0.955671086,37.884512,-122.571257,"Mid-Channel Pool",17.7,5.3,93.81,1.05,0.1,0.95,37,"KentCreekTrail",0,0,0,0,0,0,0,0,0,0,0,0,0,0,0,0,0,0,0,0,0,0,0,0,0,0,0,0,0
389.4,389,"Redwood Creek Mainstem","SH","2020","YoY",59,2.22,1.08092843,37.884512,-122.571257,"Mid-Channel Pool",17.7,5.3,93.81,1.05,0.1,0.95,37,"KentCreekTrail",0,0,0,1,1,0,0,2,0,0,0,0,0,0,0,0,0,0,0,0,0,0,0,0,0,0,0,0,0
389.5,389,"Redwood Creek Mainstem","SH","2020","YoY",60,2.5,1.157407407,37.884512,-122.571257,"Mid-Channel Pool",17.7,5.3,93.81,1.05,0.1,0.95,37,"KentCreekTrail",0,0,0,0,0,0,0,0,0,0,0,0,0,0,0,0,0,0,0,0,0,0,0,0,0,0,0,0,0
389.6,389,"Redwood Creek Mainstem","SH","2020","1+",114,15.73,1.061730195,37.884512,-122.571257,"Mid-Channel Pool",17.7,5.3,93.81,1.05,0.1,0.95,37,"KentCreekTrail",0,0,0,0,1,0,0,13,0,0,0,0,0,0,0,0,0,0,0,0,0,0,0,0,0,0,0,0,0
389.7,389,"Redwood Creek Mainstem","SH","2020","1+",164,46.5,1.054196109,37.884512,-122.571257,"Mid-Channel Pool",17.7,5.3,93.81,1.05,0.1,0.95,37,"KentCreekTrail",0,0,0,0,1,0,0,0,0,0,0,0,0,0,0,0,0,0,0,0,0,0,0,0,0,0,0,0,0
431.1,431,"Redwood Creek Mainstem","SH","2020","1+",84,6.64,1.120289386,37.885311,-122.568115,"Mid-Channel Pool",26.5,5.1,135.15,0.72,0.05,0.67,41,"KentCreekTrail",0,0,0,0,3,0,0,0,0,0,0,0,0,0,0,0,0,0,0,0,0,0,0,0,0,0,0,0,0
431.2,431,"Redwood Creek Mainstem","SH","2020","YoY",71,3.48,0.972308758,37.885311,-122.568115,"Mid-Channel Pool",26.5,5.1,135.15,0.72,0.05,0.67,41,"KentCreekTrail",0,0,0,0,1,0,0,2,0,0,0,0,0,0,2,0,0,0,0,0,0,0,0,0,0,0,0,0,0
431.3,431,"Redwood Creek Mainstem","SH","2020","1+",96,9.69,1.09524197,37.885311,-122.568115,"Mid-Channel Pool",26.5,5.1,135.15,0.72,0.05,0.67,41,"KentCreekTrail",0,0,0,0,0,0,0,0,0,0,0,0,0,0,0,0,0,0,0,0,0,0,0,0,0,0,0,0,0
431.4,431,"Redwood Creek Mainstem","SH","2020","YoY",65,2.77,1.008648157,37.885311,-122.568115,"Mid-Channel Pool",26.5,5.1,135.15,0.72,0.05,0.67,41,"KentCreekTrail",0,0,0,0,1,0,0,0,0,0,0,0,0,0,0,0,0,0,0,0,0,0,0,0,0,0,0,0,0
431.5,431,"Redwood Creek Mainstem","SH","2020","1+",128,20.99,1.000881195,37.885311,-122.568115,"Mid-Channel Pool",26.5,5.1,135.15,0.72,0.05,0.67,41,"KentCreekTrail",0,0,0,0,1,0,0,0,0,0,0,0,0,0,0,0,0,0,0,0,0,0,0,0,0,0,0,0,0
431.6,431,"Redwood Creek Mainstem","SH","2020","1+",136,26.37,1.048318873,37.885311,-122.568115,"Mid-Channel Pool",26.5,5.1,135.15,0.72,0.05,0.67,41,"KentCreekTrail",0,0,0,1,1,0,1,0,0,0,0,0,1,0,4,0,0,0,0,0,0,0,0,0,0,0,0,0,0
431.7,431,"Redwood Creek Mainstem","SH","2020","YoY",76,4.62,1.052449337,37.885311,-122.568115,"Mid-Channel Pool",26.5,5.1,135.15,0.72,0.05,0.67,41,"KentCreekTrail",0,0,0,0,0,0,0,0,0,0,0,0,0,0,0,0,0,0,0,0,0,0,0,0,0,0,0,0,0
431.8,431,"Redwood Creek Mainstem","SH","2020","YoY",64,2.85,1.087188721,37.885311,-122.568115,"Mid-Channel Pool",26.5,5.1,135.15,0.72,0.05,0.67,41,"KentCreekTrail",0,0,0,0,0,0,0,3,0,0,0,0,0,0,0,0,0,0,0,0,0,0,0,0,0,0,0,0,0
431.9,431,"Redwood Creek Mainstem","SH","2020","YoY",72,4.06,1.087748628,37.885311,-122.568115,"Mid-Channel Pool",26.5,5.1,135.15,0.72,0.05,0.67,41,"KentCreekTrail",0,0,0,0,0,0,0,0,0,0,0,0,0,0,0,0,0,0,0,0,0,0,0,0,0,0,0,0,0
431.91,431,"Redwood Creek Mainstem","SH","2020","1+",112,13.6,0.968021137,37.885311,-122.568115,"Mid-Channel Pool",26.5,5.1,135.15,0.72,0.05,0.67,41,"KentCreekTrail",0,0,0,0,0,0,0,0,0,0,0,0,0,0,0,0,0,0,0,0,0,0,0,0,0,0,0,0,0
468.1,468,"Redwood Creek Mainstem","SH","2020","YoY",59,2.18,1.061452242,37.887009,-122.566678,"Scour Pool",19.6,2.8,54.88,0.56,0.06,0.5,44,"KentCreekTrail",0,0,0,0,1,0,0,0,0,0,0,0,0,0,0,0,0,0,0,0,0,0,0,0,0,0,0,0,0
560.1,560,"Redwood Creek Mainstem","SH","2020","YoY",52,1.5,1.06679563,37.891506,-122.570365,"Mid-Channel Pool",24.2,6,145.2,0.5,0.06,0.44,51,"Dipsea",0,0,0,2,0,0,2,5,0,0,0,0,0,0,0,0,0,0,0,0,0,1,0,0,0,0,0,0,0
560.3,560,"Redwood Creek Mainstem","SH","2020","YoY",61,2.16,0.951621501,37.891506,-122.570365,"Mid-Channel Pool",24.2,6,145.2,0.5,0.06,0.44,51,"Dipsea",0,0,0,1,0,0,0,1,0,0,0,0,0,0,0,0,0,0,0,0,0,0,0,0,0,0,0,0,0
560.5,560,"Redwood Creek Mainstem","SH","2020","1+",86,6.95,1.092671086,37.891506,-122.570365,"Mid-Channel Pool",24.2,6,145.2,0.5,0.06,0.44,51,"Dipsea",1,0,0,0,0,0,0,2,0,0,0,0,0,0,0,0,0,0,0,0,0,1,0,0,0,0,0,0,0
560.6,560,"Redwood Creek Mainstem","SH","2020","YoY",61,3.1,1.365753081,37.891506,-122.570365,"Mid-Channel Pool",24.2,6,145.2,0.5,0.06,0.44,51,"Dipsea",0,0,0,0,0,0,0,0,0,0,0,0,0,0,0,0,0,0,0,0,0,0,0,0,0,0,0,0,0
560.7,560,"Redwood Creek Mainstem","SH","2020","YoY",50,1.31,1.048,37.891506,-122.570365,"Mid-Channel Pool",24.2,6,145.2,0.5,0.06,0.44,51,"Dipsea",0,0,0,1,3,0,0,0,0,0,0,0,0,0,0,0,0,0,0,0,0,0,0,0,0,0,0,0,0
560.8,560,"Redwood Creek Mainstem","SH","2020","1+",90,7.54,1.034293553,37.891506,-122.570365,"Mid-Channel Pool",24.2,6,145.2,0.5,0.06,0.44,51,"Dipsea",0,0,0,0,1,0,0,1,0,0,0,0,0,0,0,0,0,0,0,0,0,0,0,0,0,0,0,0,0
560.9,560,"Redwood Creek Mainstem","SH","2020","YoY",56,1.71,0.973715379,37.891506,-122.570365,"Mid-Channel Pool",24.2,6,145.2,0.5,0.06,0.44,51,"Dipsea",0,0,0,0,0,0,0,0,0,0,0,0,0,0,1,0,0,0,0,0,0,0,0,0,0,0,0,0,0
570.1,570,"Redwood Creek Mainstem","CO","2020","YoY",67,3.12,1.037361644,37.891777,-122.571389,"Scour Pool",20.7,5.4,111.78,0.68,0.11,0.57,52,"Dipsea",0,0,0,0,0,0,0,1,0,0,0,0,0,0,0,0,0,0,0,0,0,0,0,0,0,0,0,0,0
593.1,593,"Redwood Creek Mainstem","CO","2020","YoY",71,3.72,1.039364535,37.892846,-122.573028,"Mid-Channel Pool",34.6,3.7,128.02,0.86,0.07,0.79,54,"Dipsea",0,0,0,0,1,0,0,0,1,0,0,0,0,0,2,0,0,0,0,0,0,0,0,0,0,0,0,0,0
593.2,593,"Redwood Creek Mainstem","CO","2020","YoY",62,2.72,1.14128428,37.892846,-122.573028,"Mid-Channel Pool",34.6,3.7,128.02,0.86,0.07,0.79,54,"Dipsea",0,0,0,2,2,0,0,0,0,0,0,0,0,1,0,0,0,0,0,0,0,0,0,0,0,0,0,0,0
593.3,593,"Redwood Creek Mainstem","SH","2020","YoY",60,2.05,0.949074074,37.892846,-122.573028,"Mid-Channel Pool",34.6,3.7,128.02,0.86,0.07,0.79,54,"Dipsea",0,0,0,0,0,0,0,0,0,0,0,0,0,0,0,0,0,0,0,0,0,0,0,0,0,0,0,0,0
593.4,593,"Redwood Creek Mainstem","SH","2020","1+",81,5.83,1.097017355,37.892846,-122.573028,"Mid-Channel Pool",34.6,3.7,128.02,0.86,0.07,0.79,54,"Dipsea",0,0,0,0,24,0,0,6,1,0,0,0,1,0,0,0,0,1,0,0,0,0,0,0,0,0,0,0,0
593.5,593,"Redwood Creek Mainstem","CO","2020","YoY",65,2.94,1.070550751,37.892846,-122.573028,"Mid-Channel Pool",34.6,3.7,128.02,0.86,0.07,0.79,54,"Dipsea",0,0,0,0,1,0,0,0,0,0,0,0,0,0,0,0,0,0,0,0,0,0,0,0,0,0,0,0,0
593.6,593,"Redwood Creek Mainstem","SH","2020","1+",86,7.06,1.10996516,37.892846,-122.573028,"Mid-Channel Pool",34.6,3.7,128.02,0.86,0.07,0.79,54,"Dipsea",0,0,0,0,0,0,0,0,0,0,0,0,0,0,0,0,0,0,0,0,0,0,0,0,0,0,0,0,0
645.1,645,"Redwood Creek Mainstem","SH","2020","YoY",60,2.31,1.069444444,37.896938,-122.575001,"Scour Pool",24,4.7,112.8,1.09,0.1,0.99,60,"Dipsea",0,0,0,0,0,0,0,0,0,0,0,0,0,0,0,0,0,0,0,0,0,0,0,0,0,0,0,0,0
645.2,645,"Redwood Creek Mainstem","SH","2020","YoY",55,1.7,1.021788129,37.896938,-122.575001,"Scour Pool",24,4.7,112.8,1.09,0.1,0.99,60,"Dipsea",0,0,0,0,0,0,0,1,0,0,0,0,0,0,0,0,0,0,0,0,0,0,0,0,0,0,0,0,0
645.3,645,"Redwood Creek Mainstem","SH","2020","1+",121,17.54,0.990087273,37.896938,-122.575001,"Scour Pool",24,4.7,112.8,1.09,0.1,0.99,60,"Dipsea",0,0,0,2,2,0,0,1,0,0,0,0,0,0,0,0,0,0,0,0,0,0,0,0,0,0,0,0,0
645.4,645,"Redwood Creek Mainstem","SH","2020","YoY",55,1.75,1.051840721,37.896938,-122.575001,"Scour Pool",24,4.7,112.8,1.09,0.1,0.99,60,"Dipsea",0,0,0,0,0,0,1,1,0,0,0,0,0,0,0,0,0,0,0,0,0,0,0,0,0,0,0,0,0
645.5,645,"Redwood Creek Mainstem","SH","2020","1+",86,6.76,1.062799502,37.896938,-122.575001,"Scour Pool",24,4.7,112.8,1.09,0.1,0.99,60,"Dipsea",0,0,0,0,1,0,0,1,0,0,0,0,1,0,0,0,0,0,0,0,0,0,0,0,0,0,0,0,0
645.6,645,"Redwood Creek Mainstem","SH","2020","1+",133,21.73,0.923644404,37.896938,-122.575001,"Scour Pool",24,4.7,112.8,1.09,0.1,0.99,60,"Dipsea",0,0,0,0,0,0,0,0,0,0,0,0,1,0,0,0,0,0,0,0,0,0,0,0,0,0,0,0,0
645.7,645,"Redwood Creek Mainstem","SH","2020","YoY",54,1.58,1.003403953,37.896938,-122.575001,"Scour Pool",24,4.7,112.8,1.09,0.1,0.99,60,"Dipsea",0,0,0,0,0,0,0,0,0,0,2,0,0,0,0,0,0,0,0,0,0,0,0,0,0,0,0,0,0
663.1,663,"Redwood Creek Mainstem","SH","2020","YoY",61,2.18,0.960432812,37.897776,-122.57541,"Flatwater",15.2,3.6,54.72,0.25,0.1,0.15,61,"Dipsea",0,0,0,0,22,0,0,5,0,0,0,0,0,0,0,0,0,0,0,0,0,0,0,0,0,0,0,0,0
663.2,663,"Redwood Creek Mainstem","SH","2020","YoY",52,1.42,1.009899863,37.897776,-122.57541,"Flatwater",15.2,3.6,54.72,0.25,0.1,0.15,61,"Dipsea",0,0,0,0,0,0,0,0,0,0,0,0,0,0,0,0,0,0,0,0,0,0,0,0,0,0,0,0,0
678.1,678,"Redwood Creek Mainstem","SH","2020","YoY",70,3.6,1.049562682,37.899186,-122.576559,"Scour Pool",7.5,4.6,34.5,0.82,0.1,0.72,63,"Dipsea",0,0,0,0,0,0,0,1,0,0,0,0,0,0,0,0,0,0,0,0,0,2,0,0,0,0,0,0,0
678.2,678,"Redwood Creek Mainstem","SH","2020","YoY",64,2.66,1.014709473,37.899186,-122.576559,"Scour Pool",7.5,4.6,34.5,0.82,0.1,0.72,63,"Dipsea",0,0,0,0,0,0,0,0,0,0,0,0,0,0,0,0,0,0,0,0,0,0,0,0,0,0,0,0,0
680.1,680,"Redwood Creek Mainstem","SH","2020","YoY",58,2.22,1.137808028,37.899186,-122.576559,"Flatwater",6,1.8,10.8,0.22,0.1,0.12,63,"Dipsea",0,0,0,0,7,0,0,1,0,0,0,0,0,0,0,0,0,0,0,0,0,0,0,0,0,0,0,0,0
683.1,683,"Redwood Creek Mainstem","SH","2020","YoY",61,2.47,1.088196809,37.899186,-122.576559,"Riffle",12.1,2.3,27.83,NA,NA,NA,63,"Dipsea",0,0,0,0,5,0,1,0,0,0,0,0,1,0,0,0,0,0,0,0,0,0,0,0,0,0,0,0,0
683.2,683,"Redwood Creek Mainstem","SH","2020","1+",87,7.04,1.069091561,37.899186,-122.576559,"Riffle",12.1,2.3,27.83,NA,NA,NA,63,"Dipsea",0,0,0,0,0,0,0,0,0,0,0,0,0,0,0,0,0,0,0,0,0,0,0,0,0,0,0,0,0
53.01,53,"Redwood Creek Mainstem","SH","2022","YoY",63,3.13,1.25176466824237,37.86504,-122.57661,"Mid-Channel Pool",31.3,5.5,172.15,0.58,0.05,0.53,2,"PacificWay",0,0,0,1,2,0,0,0,0,0,0,0,0,0,0,0,0,0,0,0,0,0,0,0,0,0,0,0,0
53.02,53,"Redwood Creek Mainstem","SH","2022","YoY",60,2.6,1.2037037037037,37.86504,-122.57661,"Mid-Channel Pool",31.3,5.5,172.15,0.58,0.05,0.53,2,"PacificWay",0,0,0,2,0,0,0,6,0,0,1,0,0,0,0,0,0,0,0,0,0,0,0,0,0,0,0,0,0
53.03,53,"Redwood Creek Mainstem","SH","2022","YoY",63,2.77,1.10779173515379,37.86504,-122.57661,"Mid-Channel Pool",31.3,5.5,172.15,0.58,0.05,0.53,2,"PacificWay",0,0,0,2,0,0,0,1,0,0,0,0,0,0,0,0,0,0,0,0,0,0,0,0,0,0,0,0,0
53.04,53,"Redwood Creek Mainstem","CO","2022","YoY",87,8.22,1.24828588480235,37.86504,-122.57661,"Mid-Channel Pool",31.3,5.5,172.15,0.58,0.05,0.53,2,"PacificWay",0,0,0,1,1,0,0,0,1,0,0,0,0,0,9,0,0,0,0,0,0,0,0,0,0,0,0,0,0
53.05,53,"Redwood Creek Mainstem","CO","2022","YoY",78,5.76,1.21377636170536,37.86504,-122.57661,"Mid-Channel Pool",31.3,5.5,172.15,0.58,0.05,0.53,2,"PacificWay",0,0,0,1,0,0,1,0,0,0,0,0,0,0,0,1,0,0,0,0,0,0,0,0,0,0,0,0,0
53.06,53,"Redwood Creek Mainstem","CO","2022","YoY",81,7.05,1.32658187832704,37.86504,-122.57661,"Mid-Channel Pool",31.3,5.5,172.15,0.58,0.05,0.53,2,"PacificWay",0,0,3,4,6,0,1,5,0,0,0,1,6,2,0,0,0,0,0,0,0,0,0,0,0,0,0,0,0
53.07,53,"Redwood Creek Mainstem","SH","2022","YoY",65,3.04,1.10696404187528,37.86504,-122.57661,"Mid-Channel Pool",31.3,5.5,172.15,0.58,0.05,0.53,2,"PacificWay",3,0,0,1,2,0,2,0,0,0,0,0,0,0,0,0,0,0,0,0,0,0,0,0,0,0,0,0,0
53.08,53,"Redwood Creek Mainstem","CO","2022","YoY",68,3.67,1.16718400162833,37.86504,-122.57661,"Mid-Channel Pool",31.3,5.5,172.15,0.58,0.05,0.53,2,"PacificWay",0,0,1,3,2,0,0,0,4,0,1,0,1,0,0,2,1,0,0,0,0,0,0,0,0,0,0,0,0
53.09,53,"Redwood Creek Mainstem","SH","2022","YoY",92,8.9,1.14294813840717,37.86504,-122.57661,"Mid-Channel Pool",31.3,5.5,172.15,0.58,0.05,0.53,2,"PacificWay",0,0,0,0,0,0,0,0,0,0,0,0,0,0,0,0,0,0,0,0,0,0,0,0,0,0,0,0,0
53.1,53,"Redwood Creek Mainstem","CO","2022","YoY",72,4.46,1.19491598079561,37.86504,-122.57661,"Mid-Channel Pool",31.3,5.5,172.15,0.58,0.05,0.53,2,"PacificWay",0,0,0,0,1,0,0,2,0,0,1,0,0,0,0,0,0,0,0,0,0,0,0,0,0,0,0,0,0
53.11,53,"Redwood Creek Mainstem","SH","2022","YoY",59,2.27,1.10527366478559,37.86504,-122.57661,"Mid-Channel Pool",31.3,5.5,172.15,0.58,0.05,0.53,2,"PacificWay",3,0,0,3,1,0,0,0,0,0,0,0,0,0,0,0,0,0,0,0,0,0,0,0,0,0,0,0,0
53.12,53,"Redwood Creek Mainstem","SH","2022","YoY",89,7.95,1.12770916167945,37.86504,-122.57661,"Mid-Channel Pool",31.3,5.5,172.15,0.58,0.05,0.53,2,"PacificWay",0,0,0,1,0,0,0,0,0,0,0,0,0,0,0,0,0,0,0,0,0,0,0,0,0,0,0,0,0
53.13,53,"Redwood Creek Mainstem","CH","2022","YoY",72,3.44,0.921639231824417,37.86504,-122.57661,"Mid-Channel Pool",31.3,5.5,172.15,0.58,0.05,0.53,2,"PacificWay",0,0,4,3,0,1,0,0,0,0,0,0,0,0,0,0,0,0,0,0,0,0,0,0,0,0,0,0,0
53.14,53,"Redwood Creek Mainstem","CH","2022","YoY",60,1.89,0.875,37.86504,-122.57661,"Mid-Channel Pool",31.3,5.5,172.15,0.58,0.05,0.53,2,"PacificWay",0,0,0,0,0,0,0,0,0,0,0,0,0,0,0,0,0,0,0,0,0,0,0,0,0,0,0,0,0
53.15,53,"Redwood Creek Mainstem","SH","2022","1+",102,10.09,0.950803235557968,37.86504,-122.57661,"Mid-Channel Pool",31.3,5.5,172.15,0.58,0.05,0.53,2,"PacificWay",0,0,0,0,0,0,0,0,0,0,0,0,0,0,0,0,0,0,0,0,0,0,0,0,0,0,0,0,0
53.16,53,"Redwood Creek Mainstem","CH","2022","YoY",74,4.05,0.999447219315737,37.86504,-122.57661,"Mid-Channel Pool",31.3,5.5,172.15,0.58,0.05,0.53,2,"PacificWay",0,0,0,2,3,0,0,0,0,0,0,0,0,0,0,0,0,0,0,0,0,0,0,0,0,0,0,0,0
53.17,53,"Redwood Creek Mainstem","CO","2022","YoY",85,7.36,1.19845308365561,37.86504,-122.57661,"Mid-Channel Pool",31.3,5.5,172.15,0.58,0.05,0.53,2,"PacificWay",4,0,0,5,5,0,1,0,0,0,1,0,0,0,0,0,0,0,0,0,0,0,0,0,0,0,0,0,0
104.01,104,"Redwood Creek Mainstem","SH","2022","1+",98,10.79,1.14641858409336,37.86857,-122.58031,"Mid-Channel Pool",18.6,3.2,59.52,0.7,0.03,0.67,8,"Highway1",1,0,0,0,33,0,0,1,0,0,0,0,0,3,0,0,0,0,0,0,0,0,0,0,0,0,0,0,0
148.01,148,"Redwood Creek Mainstem","SH","2022","1+",164,50.92,1.1544014161141,37.87048,-122.58219,"Mid-Channel Pool",23.5,3.5,82.25,0.85,0.05,0.8,11,"Highway1",1,0,0,0,0,5,0,1,0,0,0,0,1,0,0,0,0,0,0,0,0,0,0,0,0,0,0,0,0
148.02,148,"Redwood Creek Mainstem","SH","2022","YoY",75,5.27,1.24918518518519,37.87048,-122.58219,"Mid-Channel Pool",23.5,3.5,82.25,0.85,0.05,0.8,11,"Highway1",13,0,0,0,1,0,0,1,0,0,0,0,0,0,0,0,0,0,0,0,0,0,0,0,0,0,0,0,0
148.03,148,"Redwood Creek Mainstem","SH","2022","YoY",50,1.32,1.056,37.87048,-122.58219,"Mid-Channel Pool",23.5,3.5,82.25,0.85,0.05,0.8,11,"Highway1",0,0,0,0,0,0,0,1,0,0,0,0,0,0,0,0,0,0,0,0,1,0,0,0,0,0,0,0,0
148.04,148,"Redwood Creek Mainstem","SH","2022","YoY",61,2.21,0.973649776853569,37.87048,-122.58219,"Mid-Channel Pool",23.5,3.5,82.25,0.85,0.05,0.8,11,"Highway1",3,0,0,2,0,1,0,4,0,0,0,0,0,0,0,0,0,0,0,0,0,0,0,0,0,0,0,0,0
148.05,148,"Redwood Creek Mainstem","SH","2022","YoY",57,1.96,1.05835533740476,37.87048,-122.58219,"Mid-Channel Pool",23.5,3.5,82.25,0.85,0.05,0.8,11,"Highway1",0,0,0,0,0,0,0,2,0,0,0,0,1,0,0,0,0,0,0,0,0,0,0,0,0,0,0,0,0
148.06,148,"Redwood Creek Mainstem","SH","2022","YoY",51,1.59,1.19863400954384,37.87048,-122.58219,"Mid-Channel Pool",23.5,3.5,82.25,0.85,0.05,0.8,11,"Highway1",0,0,0,0,3,1,0,0,0,0,0,1,0,0,0,0,0,0,0,0,0,0,0,0,0,0,0,0,0
148.07,148,"Redwood Creek Mainstem","SH","2022","YoY",93,8.7,1.08160928542923,37.87048,-122.58219,"Mid-Channel Pool",23.5,3.5,82.25,0.85,0.05,0.8,11,"Highway1",0,0,0,0,0,0,0,4,0,0,0,0,0,0,1,0,0,0,0,0,0,0,0,0,0,0,0,0,0
148.08,148,"Redwood Creek Mainstem","SH","2022","YoY",85,7.43,1.20985141461429,37.87048,-122.58219,"Mid-Channel Pool",23.5,3.5,82.25,0.85,0.05,0.8,11,"Highway1",0,0,0,0,0,0,1,3,0,0,1,0,0,0,0,0,0,0,0,0,0,1,0,0,0,0,0,0,0
148.09,148,"Redwood Creek Mainstem","CO","2022","YoY",87,8.53,1.29536235977664,37.87048,-122.58219,"Mid-Channel Pool",23.5,3.5,82.25,0.85,0.05,0.8,11,"Highway1",0,0,0,2,2,0,1,0,1,0,0,0,0,0,0,0,0,0,0,0,0,0,3,0,0,0,0,0,0
148.1,148,"Redwood Creek Mainstem","CO","2022","YoY",68,3.55,1.12901994707918,37.87048,-122.58219,"Mid-Channel Pool",23.5,3.5,82.25,0.85,0.05,0.8,11,"Highway1",0,0,0,1,4,0,0,6,1,0,0,0,1,0,0,0,0,0,0,0,0,0,0,0,0,0,0,0,0
148.11,148,"Redwood Creek Mainstem","CO","2022","YoY",74,4.55,1.12283576491027,37.87048,-122.58219,"Mid-Channel Pool",23.5,3.5,82.25,0.85,0.05,0.8,11,"Highway1",0,0,0,1,1,0,2,1,0,0,2,0,0,0,0,0,0,0,0,0,0,0,0,0,0,0,0,0,0
148.12,148,"Redwood Creek Mainstem","CO","2022","YoY",79,5.54,1.12364336289827,37.87048,-122.58219,"Mid-Channel Pool",23.5,3.5,82.25,0.85,0.05,0.8,11,"Highway1",0,0,0,4,2,0,0,0,0,0,1,0,2,0,0,0,0,0,0,0,0,0,0,0,0,0,0,0,0
148.13,148,"Redwood Creek Mainstem","CO","2022","YoY",63,3,1.19977444240483,37.87048,-122.58219,"Mid-Channel Pool",23.5,3.5,82.25,0.85,0.05,0.8,11,"Highway1",0,0,0,1,11,0,1,1,0,0,0,0,0,0,0,0,0,0,0,0,0,0,0,0,0,0,0,0,0
175.01,175,"Redwood Creek Mainstem","CH","2022","YoY",64,2.78,1.06048583984375,37.872729,-122.582945,"Mid-Channel Pool",18.7,4,74.8,1.15,0.05,1.1,14,"Highway1",0,0,0,0,2,0,1,0,1,0,2,1,1,0,0,0,0,0,0,0,0,0,0,1,0,0,0,0,0
175.02,175,"Redwood Creek Mainstem","SH","2022","1+",161,46.88,1.12333677027739,37.872729,-122.582945,"Mid-Channel Pool",18.7,4,74.8,1.15,0.05,1.1,14,"Highway1",1,0,0,1,1,0,0,5,0,0,0,0,0,0,0,0,0,0,0,0,0,0,4,0,0,0,0,0,0
268.01,268,"Redwood Creek Mainstem","CO","2022","YoY",77,5.21,1.14120994539278,37.87735,-122.580176,"Mid-Channel Pool",22,4.3,94.6,0.82,0.06,0.76,23,"FrankValley",0,0,0,3,2,0,0,2,0,0,0,0,0,0,0,0,0,0,0,0,0,0,0,0,0,0,0,0,0
268.02,268,"Redwood Creek Mainstem","CO","2022","YoY",64,2.58,0.98419189453125,37.87735,-122.580176,"Mid-Channel Pool",22,4.3,94.6,0.82,0.06,0.76,23,"FrankValley",0,0,0,3,19,0,1,0,0,0,1,0,3,0,0,0,0,0,0,0,0,0,0,0,1,0,0,0,0
268.03,268,"Redwood Creek Mainstem","CO","2022","YoY",68,3.35,1.06541318949725,37.87735,-122.580176,"Mid-Channel Pool",22,4.3,94.6,0.82,0.06,0.76,23,"FrankValley",0,0,0,1,7,0,0,1,1,0,0,0,0,0,0,0,0,0,0,0,0,0,0,0,0,0,0,0,0
268.04,268,"Redwood Creek Mainstem","CO","2022","YoY",79,5.4,1.09524804325824,37.87735,-122.580176,"Mid-Channel Pool",22,4.3,94.6,0.82,0.06,0.76,23,"FrankValley",0,0,0,3,2,0,1,1,0,0,5,0,0,0,0,0,0,0,0,0,0,0,0,0,0,0,0,0,0
268.05,268,"Redwood Creek Mainstem","CO","2022","YoY",73,4.08,1.04879735332903,37.87735,-122.580176,"Mid-Channel Pool",22,4.3,94.6,0.82,0.06,0.76,23,"FrankValley",0,0,0,6,2,0,0,0,0,0,0,0,0,0,0,0,0,0,0,0,0,0,0,0,0,0,0,0,0
268.06,268,"Redwood Creek Mainstem","SH","2022","YoY",72,4.09,1.09578617969822,37.87735,-122.580176,"Mid-Channel Pool",22,4.3,94.6,0.82,0.06,0.76,23,"FrankValley",0,0,0,0,0,0,0,1,0,0,0,0,0,0,0,0,0,0,0,0,0,0,0,0,0,0,0,0,0
268.07,268,"Redwood Creek Mainstem","SH","2022","YoY",86,7.25,1.1398367439345,37.87735,-122.580176,"Mid-Channel Pool",22,4.3,94.6,0.82,0.06,0.76,23,"FrankValley",0,0,0,0,0,0,0,0,0,0,0,0,0,0,1,0,0,0,0,0,0,0,0,0,0,0,0,0,0
268.08,268,"Redwood Creek Mainstem","SH","2022","1+",156,38.1,1.00357811156628,37.87735,-122.580176,"Mid-Channel Pool",22,4.3,94.6,0.82,0.06,0.76,23,"FrankValley",1,0,0,0,0,0,0,2,0,0,0,0,0,0,0,0,0,0,0,0,0,0,0,0,0,0,0,0,0
268.09,268,"Redwood Creek Mainstem","SH","2022","YoY",56,1.83,1.04204628279883,37.87735,-122.580176,"Mid-Channel Pool",22,4.3,94.6,0.82,0.06,0.76,23,"FrankValley",0,0,0,0,2,0,0,1,0,0,0,0,0,0,0,0,0,0,0,0,4,0,0,0,0,0,0,0,0
268.1,268,"Redwood Creek Mainstem","SH","2022","YoY",72,4.03,1.07971107681756,37.87735,-122.580176,"Mid-Channel Pool",22,4.3,94.6,0.82,0.06,0.76,23,"FrankValley",0,0,0,0,1,0,0,1,0,0,1,0,1,1,0,0,0,0,0,0,0,0,0,0,0,0,0,0,0
268.11,268,"Redwood Creek Mainstem","SH","2022","YoY",66,3.19,1.1095806550352,37.87735,-122.580176,"Mid-Channel Pool",22,4.3,94.6,0.82,0.06,0.76,23,"FrankValley",1,0,0,0,0,0,0,2,0,0,0,0,0,0,0,0,0,0,0,0,0,0,0,0,0,0,0,0,0
268.12,268,"Redwood Creek Mainstem","SH","2022","YoY",61,2.48,1.09260246452346,37.87735,-122.580176,"Mid-Channel Pool",22,4.3,94.6,0.82,0.06,0.76,23,"FrankValley",0,0,0,0,1,0,0,0,0,0,0,0,0,0,0,0,0,0,0,0,0,0,0,0,0,0,0,0,0
319.01,319,"Redwood Creek Mainstem","CO","2022","YoY",64,3.21,1.22451782226563,37.880083,-122.577204,"Scour Pool",4.8,2.5,12,0.4,0.05,0.35,28,"FrankValley",0,0,0,8,20,0,3,2,0,0,0,0,0,3,0,0,2,0,0,0,0,0,0,0,0,0,0,0,0
319.02,319,"Redwood Creek Mainstem","CO","2022","YoY",75,5.1,1.20888888888889,37.880083,-122.577204,"Scour Pool",4.8,2.5,12,0.4,0.05,0.35,28,"FrankValley",0,0,0,12,2,0,0,0,0,0,0,0,0,0,0,0,0,0,0,0,0,0,0,0,0,0,0,0,0
319.03,319,"Redwood Creek Mainstem","CO","2022","YoY",81,6.34,1.19298285228276,37.880083,-122.577204,"Scour Pool",4.8,2.5,12,0.4,0.05,0.35,28,"FrankValley",0,0,0,3,10,0,0,1,0,0,0,0,0,3,0,0,0,0,0,0,0,0,0,0,0,0,0,0,0
319.04,319,"Redwood Creek Mainstem","SH","2022","YoY",75,5.41,1.28237037037037,37.880083,-122.577204,"Scour Pool",4.8,2.5,12,0.4,0.05,0.35,28,"FrankValley",0,0,0,24,2,0,0,6,0,0,0,0,0,0,0,0,0,0,0,0,0,0,0,0,0,0,0,0,0
319.05,319,"Redwood Creek Mainstem","SH","2022","YoY",92,9.45,1.21357976493795,37.880083,-122.577204,"Scour Pool",4.8,2.5,12,0.4,0.05,0.35,28,"FrankValley",0,0,0,21,1,0,0,0,0,0,0,0,0,0,0,0,0,0,0,0,0,0,0,0,0,0,0,0,0
319.06,319,"Redwood Creek Mainstem","SH","2022","YoY",65,3.18,1.15794264906691,37.880083,-122.577204,"Scour Pool",4.8,2.5,12,0.4,0.05,0.35,28,"FrankValley",0,0,0,0,1,0,0,3,0,0,0,0,0,0,0,0,0,0,0,0,0,0,0,0,0,0,0,0,0
319.07,319,"Redwood Creek Mainstem","CH","2022","YoY",67,3.09,1.02738701236522,37.880083,-122.577204,"Scour Pool",4.8,2.5,12,0.4,0.05,0.35,28,"FrankValley",0,0,0,1,5,0,0,3,0,0,0,0,1,0,0,0,0,0,0,0,0,0,0,0,0,0,0,0,0
319.08,319,"Redwood Creek Mainstem","SH","2022","1+",134,26.92,1.11882113158866,37.880083,-122.577204,"Scour Pool",4.8,2.5,12,0.4,0.05,0.35,28,"FrankValley",0,0,0,0,0,0,0,5,0,0,0,0,1,0,0,0,0,0,0,0,0,0,0,0,0,0,0,0,0
365.01,365,"Redwood Creek Mainstem","SH","2022","1+",173,56.49,1.09102139031546,37.881622,-122.575398,"Mid-Channel Pool",19.8,2.5,49.5,0.3,0.02,0.28,31,"KentCreekTrail",0,0,0,0,0,0,0,2,0,0,0,0,0,0,0,0,0,0,0,0,0,0,1,0,0,0,0,0,0
365.02,365,"Redwood Creek Mainstem","CO","2022","YoY",74,4.02,0.992043906580064,37.881622,-122.575398,"Mid-Channel Pool",19.8,2.5,49.5,0.3,0.02,0.28,31,"KentCreekTrail",0,0,0,1,3,0,4,0,0,0,0,0,0,0,1,1,0,0,0,0,0,0,0,0,0,0,0,0,0
365.03,365,"Redwood Creek Mainstem","SH","2022","YoY",70,3.63,1.05830903790087,37.881622,-122.575398,"Mid-Channel Pool",19.8,2.5,49.5,0.3,0.02,0.28,31,"KentCreekTrail",1,0,0,0,0,0,0,0,0,0,0,0,0,0,0,0,0,0,0,0,0,0,0,0,0,0,0,0,0
365.04,365,"Redwood Creek Mainstem","CO","2022","YoY",81,6.18,1.16287602951221,37.881622,-122.575398,"Mid-Channel Pool",19.8,2.5,49.5,0.3,0.02,0.28,31,"KentCreekTrail",0,0,0,5,5,0,1,0,0,0,5,1,1,0,0,1,0,0,0,0,0,0,0,0,0,0,0,0,0
365.05,365,"Redwood Creek Mainstem","CO","2022","YoY",74,4.52,1.1154324521746,37.881622,-122.575398,"Mid-Channel Pool",19.8,2.5,49.5,0.3,0.02,0.28,31,"KentCreekTrail",0,0,0,0,0,0,0,1,0,0,1,0,0,0,0,0,0,0,0,0,0,0,0,0,0,1,0,0,0
365.06,365,"Redwood Creek Mainstem","SH","2022","YoY",64,3.11,1.18637084960938,37.881622,-122.575398,"Mid-Channel Pool",19.8,2.5,49.5,0.3,0.02,0.28,31,"KentCreekTrail",0,0,0,0,5,0,1,0,0,0,1,0,3,1,0,0,0,0,0,0,0,0,0,0,0,0,0,0,0
365.07,365,"Redwood Creek Mainstem","CO","2022","YoY",68,3.48,1.1067575819255,37.881622,-122.575398,"Mid-Channel Pool",19.8,2.5,49.5,0.3,0.02,0.28,31,"KentCreekTrail",0,0,0,0,0,0,0,0,0,0,1,0,0,0,0,0,0,0,0,0,0,0,0,0,0,0,0,0,0
365.08,365,"Redwood Creek Mainstem","CO","2022","YoY",67,3.6,1.19695574256142,37.881622,-122.575398,"Mid-Channel Pool",19.8,2.5,49.5,0.3,0.02,0.28,31,"KentCreekTrail",0,0,0,1,3,0,2,0,0,0,0,0,1,0,0,1,0,0,0,0,0,0,0,0,0,0,0,0,0
365.09,365,"Redwood Creek Mainstem","SH","2022","YoY",63,3.01,1.20377369054618,37.881622,-122.575398,"Mid-Channel Pool",19.8,2.5,49.5,0.3,0.02,0.28,31,"KentCreekTrail",0,0,0,0,2,0,0,21,0,0,0,0,1,0,0,0,0,0,0,0,0,0,0,0,0,0,0,0,0
365.1,365,"Redwood Creek Mainstem","SH","2022","YoY",80,5.87,1.146484375,37.881622,-122.575398,"Mid-Channel Pool",19.8,2.5,49.5,0.3,0.02,0.28,31,"KentCreekTrail",1,0,0,0,8,0,0,31,0,0,0,0,0,0,0,0,0,0,0,0,0,0,0,0,0,0,0,0,0
391.01,391,"Redwood Creek Mainstem","CO","2022","YoY",76,4.77,1.08661976964572,37.882868,-122.574335,"Scour Pool",10.7,2.2,23.54,0.73,0.08,0.65,33,"KentCreekTrail",0,0,0,1,3,0,1,0,1,0,0,0,3,0,0,0,0,0,0,0,0,0,0,0,0,0,0,0,0
391.02,391,"Redwood Creek Mainstem","CO","2022","YoY",88,7.17,1.05213420360631,37.882868,-122.574335,"Scour Pool",10.7,2.2,23.54,0.73,0.08,0.65,33,"KentCreekTrail",0,0,0,8,18,0,0,0,1,0,2,1,0,0,1,1,0,0,0,0,0,0,0,0,0,0,0,0,0
391.03,391,"Redwood Creek Mainstem","SH","2022","YoY",86,6.51,1.02349478662256,37.882868,-122.574335,"Scour Pool",10.7,2.2,23.54,0.73,0.08,0.65,33,"KentCreekTrail",0,0,1,0,2,0,0,8,0,0,0,0,0,0,0,0,0,0,0,0,0,0,0,0,0,0,0,0,0
391.04,391,"Redwood Creek Mainstem","SH","2022","1+",123,21.93,1.17848293295544,37.882868,-122.574335,"Scour Pool",10.7,2.2,23.54,0.73,0.08,0.65,33,"KentCreekTrail",0,0,0,0,0,0,0,0,0,0,0,0,0,0,0,0,0,0,0,0,0,0,0,0,0,0,1,0,0
391.05,391,"Redwood Creek Mainstem","CO","2022","YoY",70,3.53,1.02915451895044,37.882868,-122.574335,"Scour Pool",10.7,2.2,23.54,0.73,0.08,0.65,33,"KentCreekTrail",0,0,0,0,2,0,0,0,0,0,1,1,0,1,0,0,0,0,0,0,0,0,0,0,1,0,0,0,0
391.06,391,"Redwood Creek Mainstem","CO","2022","YoY",78,5.78,1.21799086296128,37.882868,-122.574335,"Scour Pool",10.7,2.2,23.54,0.73,0.08,0.65,33,"KentCreekTrail",0,0,0,1,5,0,0,0,0,0,0,0,4,0,0,0,0,0,0,0,0,0,0,0,0,0,0,0,0
391.07,391,"Redwood Creek Mainstem","CO","2022","YoY",82,6.12,1.10996648336501,37.882868,-122.574335,"Scour Pool",10.7,2.2,23.54,0.73,0.08,0.65,33,"KentCreekTrail",0,0,0,1,6,0,0,0,0,0,0,0,3,0,0,0,0,0,0,0,0,0,0,0,0,0,0,0,0
391.08,391,"Redwood Creek Mainstem","SH","2022","1+",126,21.02,1.05080244913956,37.882868,-122.574335,"Scour Pool",10.7,2.2,23.54,0.73,0.08,0.65,33,"KentCreekTrail",0,0,0,2,1,0,1,1,0,0,0,0,0,0,0,0,0,0,0,0,0,0,0,0,0,0,0,0,0
391.09,391,"Redwood Creek Mainstem","SH","2022","YoY",68,3.26,1.03679014858539,37.882868,-122.574335,"Scour Pool",10.7,2.2,23.54,0.73,0.08,0.65,33,"KentCreekTrail",0,0,0,1,5,0,1,5,1,0,1,0,2,0,0,0,0,0,0,0,2,0,1,0,0,0,0,0,0
391.1,391,"Redwood Creek Mainstem","SH","2022","YoY",85,6.86,1.11703643395074,37.882868,-122.574335,"Scour Pool",10.7,2.2,23.54,0.73,0.08,0.65,33,"KentCreekTrail",2,0,0,2,3,0,0,21,0,0,0,0,0,0,0,0,1,0,0,0,0,0,0,0,0,0,0,0,0
391.11,391,"Redwood Creek Mainstem","SH","2022","YoY",68,3.35,1.06541318949725,37.882868,-122.574335,"Scour Pool",10.7,2.2,23.54,0.73,0.08,0.65,33,"KentCreekTrail",0,0,0,0,3,0,0,2,0,0,0,0,0,0,0,0,0,0,0,0,0,0,0,0,0,0,0,0,0
391.12,391,"Redwood Creek Mainstem","CH","2022","YoY",74,3.47,0.856316506426075,37.882868,-122.574335,"Scour Pool",10.7,2.2,23.54,0.73,0.08,0.65,33,"KentCreekTrail",0,0,0,0,4,0,0,0,0,0,0,0,1,0,0,0,0,0,0,0,0,0,0,0,0,0,0,0,0
451.01,451,"Redwood Creek Mainstem","SH","2022","1+",120,18.24,1.05555555555556,37.884713,-122.568948,"Mid-Channel Pool",38.2,4.5,171.9,0.53,0.08,0.45,40,"KentCreekTrail",0,0,0,0,1,0,0,3,1,0,0,0,0,0,0,0,0,0,0,0,0,0,0,0,0,0,0,0,0
451.02,451,"Redwood Creek Mainstem","CO","2022","YoY",65,2.94,1.07055075102412,37.884713,-122.568948,"Mid-Channel Pool",38.2,4.5,171.9,0.53,0.08,0.45,40,"KentCreekTrail",0,0,1,0,1,0,0,0,0,0,0,0,1,0,0,0,0,0,0,0,0,0,0,0,0,0,0,0,0
451.03,451,"Redwood Creek Mainstem","CO","2022","YoY",65,2.72,0.99044151115157,37.884713,-122.568948,"Mid-Channel Pool",38.2,4.5,171.9,0.53,0.08,0.45,40,"KentCreekTrail",0,0,0,0,0,0,0,0,1,0,0,0,0,0,0,0,0,0,0,0,0,0,0,0,0,0,0,0,0
451.04,451,"Redwood Creek Mainstem","CO","2022","YoY",79,4.8,0.973553816229548,37.884713,-122.568948,"Mid-Channel Pool",38.2,4.5,171.9,0.53,0.08,0.45,40,"KentCreekTrail",0,0,0,1,2,0,0,0,0,0,0,1,0,0,0,0,0,0,0,0,0,0,0,1,0,0,0,0,0
451.05,451,"Redwood Creek Mainstem","CO","2022","YoY",61,2.24,0.986866742150224,37.884713,-122.568948,"Mid-Channel Pool",38.2,4.5,171.9,0.53,0.08,0.45,40,"KentCreekTrail",0,0,0,1,3,0,0,0,0,0,0,0,0,0,0,0,0,0,0,0,0,0,0,0,0,0,0,0,0
451.06,451,"Redwood Creek Mainstem","CO","2022","YoY",78,5.65,1.19059660479779,37.884713,-122.568948,"Mid-Channel Pool",38.2,4.5,171.9,0.53,0.08,0.45,40,"KentCreekTrail",0,0,0,1,3,0,0,1,0,0,1,0,0,0,0,0,0,0,0,0,0,0,0,0,0,0,0,0,0
451.07,451,"Redwood Creek Mainstem","SH","2022","YoY",87,7.94,1.20576519772879,37.884713,-122.568948,"Mid-Channel Pool",38.2,4.5,171.9,0.53,0.08,0.45,40,"KentCreekTrail",0,0,0,2,1,0,1,10,0,0,0,2,0,0,0,0,0,0,0,0,0,0,0,0,0,1,0,0,0
451.08,451,"Redwood Creek Mainstem","SH","2022","1+",144,34.32,1.14936985596708,37.884713,-122.568948,"Mid-Channel Pool",38.2,4.5,171.9,0.53,0.08,0.45,40,"KentCreekTrail",0,0,0,0,0,0,0,3,0,0,0,0,0,0,0,0,0,0,0,0,0,0,0,0,0,0,1,0,0
451.09,451,"Redwood Creek Mainstem","SH","2022","YoY",80,6.15,1.201171875,37.884713,-122.568948,"Mid-Channel Pool",38.2,4.5,171.9,0.53,0.08,0.45,40,"KentCreekTrail",0,0,0,0,0,0,0,8,0,0,0,0,0,0,0,0,0,0,0,0,0,0,0,0,0,0,0,0,0
451.1,451,"Redwood Creek Mainstem","CH","2022","YoY",69,3.15,0.958877838963316,37.884713,-122.568948,"Mid-Channel Pool",38.2,4.5,171.9,0.53,0.08,0.45,40,"KentCreekTrail",0,0,0,2,2,0,0,0,0,0,0,0,0,0,0,0,0,0,0,0,0,0,0,0,0,0,0,0,0
451.11,451,"Redwood Creek Mainstem","CH","2022","YoY",79,4.7,0.953271445058099,37.884713,-122.568948,"Mid-Channel Pool",38.2,4.5,171.9,0.53,0.08,0.45,40,"KentCreekTrail",0,0,0,2,4,0,2,0,4,0,0,1,8,0,0,0,0,0,0,0,0,0,0,0,0,0,0,0,0
451.12,451,"Redwood Creek Mainstem","SH","2022","YoY",80,5.74,1.12109375,37.884713,-122.568948,"Mid-Channel Pool",38.2,4.5,171.9,0.53,0.08,0.45,40,"KentCreekTrail",0,0,0,1,0,0,0,3,0,0,0,0,0,0,0,0,0,0,0,0,0,0,0,0,0,0,0,0,0
451.13,451,"Redwood Creek Mainstem","CO","2022","YoY",70,4.14,1.2069970845481,37.884713,-122.568948,"Mid-Channel Pool",38.2,4.5,171.9,0.53,0.08,0.45,40,"KentCreekTrail",0,0,0,10,3,0,2,0,0,0,0,0,0,2,0,0,0,0,0,0,0,0,0,0,0,0,0,0,0
451.14,451,"Redwood Creek Mainstem","SH","2022","YoY",81,6.47,1.21744464578382,37.884713,-122.568948,"Mid-Channel Pool",38.2,4.5,171.9,0.53,0.08,0.45,40,"KentCreekTrail",1,0,0,2,0,0,0,9,0,0,0,0,0,0,0,0,0,0,0,0,0,0,1,0,1,0,0,0,0
477.01,477,"Redwood Creek Mainstem","CO","2022","YoY",30,NA,NA,37.885949,-122.567633,"Mid-Channel Pool",22,2.4,52.8,0.4,0.09,0.31,42,"KentCreekTrail",0,0,0,0,1,0,0,0,0,0,0,0,0,0,0,0,0,0,0,0,0,0,0,0,0,0,0,0,0
477.02,477,"Redwood Creek Mainstem","SH","2022","YoY",75,4.91,1.16385185185185,37.885949,-122.567633,"Mid-Channel Pool",22,2.4,52.8,0.4,0.09,0.31,42,"KentCreekTrail",0,0,0,0,1,0,0,76,0,0,0,0,0,0,0,0,0,0,0,0,0,0,0,0,0,0,0,0,0
477.03,477,"Redwood Creek Mainstem","CO","2022","YoY",63,2.84,1.13578647214324,37.885949,-122.567633,"Mid-Channel Pool",22,2.4,52.8,0.4,0.09,0.31,42,"KentCreekTrail",0,0,0,4,12,0,0,1,0,0,2,2,0,0,0,0,0,0,0,0,0,0,0,1,0,0,0,0,0
477.04,477,"Redwood Creek Mainstem","CO","2022","YoY",68,3.62,1.15128231223285,37.885949,-122.567633,"Mid-Channel Pool",22,2.4,52.8,0.4,0.09,0.31,42,"KentCreekTrail",0,0,0,1,3,0,1,0,0,0,0,0,1,0,0,0,0,0,0,0,0,0,0,0,0,0,0,0,0
477.05,477,"Redwood Creek Mainstem","CH","2022","YoY",60,2.49,1.15277777777778,37.885949,-122.567633,"Mid-Channel Pool",22,2.4,52.8,0.4,0.09,0.31,42,"KentCreekTrail",0,0,0,1,4,0,0,0,0,0,0,0,0,0,0,0,0,0,0,0,0,0,0,0,0,0,0,0,0
477.06,477,"Redwood Creek Mainstem","SH","2022","YoY",78,5.46,1.15055884286654,37.885949,-122.567633,"Mid-Channel Pool",22,2.4,52.8,0.4,0.09,0.31,42,"KentCreekTrail",1,0,0,0,2,0,1,8,0,0,0,0,2,0,0,0,0,0,0,0,0,0,0,0,0,0,0,0,0
477.07,477,"Redwood Creek Mainstem","CO","2022","YoY",77,5.41,1.18501838859403,37.885949,-122.567633,"Mid-Channel Pool",22,2.4,52.8,0.4,0.09,0.31,42,"KentCreekTrail",0,0,0,0,1,0,1,1,0,0,0,0,1,0,0,0,0,0,0,0,0,0,0,0,0,0,0,0,0
587.01,587,"Redwood Creek Mainstem","SH","2022","1+",117,17.65,1.10201403210389,37.891506,-122.570365,"Mid-Channel Pool",6.6,2.2,14.52,0.5,0.06,0.44,51,"Dipsea",0,0,0,1,4,2,1,11,2,0,0,0,2,0,0,1,0,0,0,0,0,0,0,0,0,0,0,0,0
587.02,587,"Redwood Creek Mainstem","CO","2022","YoY",80,6.4,1.25,37.891506,-122.570365,"Mid-Channel Pool",6.6,2.2,14.52,0.5,0.06,0.44,51,"Dipsea",0,0,0,2,3,0,2,0,0,0,0,0,0,1,0,0,0,0,0,0,0,0,0,0,0,0,0,0,0
587.03,587,"Redwood Creek Mainstem","SH","2022","YoY",81,6.36,1.19674620512907,37.891506,-122.570365,"Mid-Channel Pool",6.6,2.2,14.52,0.5,0.06,0.44,51,"Dipsea",0,0,0,0,1,0,0,18,0,0,0,0,0,0,0,1,0,0,0,0,0,0,0,0,0,0,0,0,0
587.04,587,"Redwood Creek Mainstem","CH","2022","NA",54,1.5,0.952598689224204,37.891506,-122.570365,"Mid-Channel Pool",6.6,2.2,14.52,0.5,0.06,0.44,51,"Dipsea",0,0,0,0,0,0,0,0,1,0,0,0,2,0,0,0,0,0,0,0,0,0,0,0,0,0,0,0,0
587.05,587,"Redwood Creek Mainstem","CO","2022","YoY",58,2.51,1.28644060847103,37.891506,-122.570365,"Mid-Channel Pool",6.6,2.2,14.52,0.5,0.06,0.44,51,"Dipsea",0,0,0,5,0,0,3,0,1,0,1,0,0,0,0,0,0,0,0,0,0,0,0,0,0,0,0,0,0
587.06,587,"Redwood Creek Mainstem","CO","2022","YoY",69,4.05,1.23284293580998,37.891506,-122.570365,"Mid-Channel Pool",6.6,2.2,14.52,0.5,0.06,0.44,51,"Dipsea",0,0,0,1,3,0,2,2,0,0,0,0,0,0,0,0,0,0,0,0,0,0,0,0,0,0,0,0,0
587.07,587,"Redwood Creek Mainstem","CO","2022","YoY",63,2.6,1.03980451675085,37.891506,-122.570365,"Mid-Channel Pool",6.6,2.2,14.52,0.5,0.06,0.44,51,"Dipsea",0,0,0,1,5,0,0,0,3,0,1,0,0,0,0,0,0,0,0,0,0,0,0,0,0,0,0,0,0
587.08,587,"Redwood Creek Mainstem","CO","2022","YoY",56,1.89,1.07621173469388,37.891506,-122.570365,"Mid-Channel Pool",6.6,2.2,14.52,0.5,0.06,0.44,51,"Dipsea",0,0,1,3,5,0,0,0,0,0,0,0,1,0,0,0,0,0,0,0,0,0,0,0,0,0,0,0,0
587.09,587,"Redwood Creek Mainstem","SH","2022","YoY",72,4.56,1.22170781893004,37.891506,-122.570365,"Mid-Channel Pool",6.6,2.2,14.52,0.5,0.06,0.44,51,"Dipsea",0,0,0,1,1,0,0,6,0,0,1,0,1,0,0,1,0,0,0,0,0,0,0,0,0,0,0,0,0
587.1,587,"Redwood Creek Mainstem","CH","2022","NA",61,1.98,0.872319709579216,37.891506,-122.570365,"Mid-Channel Pool",6.6,2.2,14.52,0.5,0.06,0.44,51,"Dipsea",0,0,0,0,1,0,1,0,2,0,0,1,0,0,0,0,0,0,0,0,0,0,0,0,0,0,0,0,0
615.02,615,"Redwood Creek Mainstem","CO","2022","YoY",69,3.62,1.10194850064991,37.89236,-122.572321,"Mid-Channel Pool",19.8,3.2,63.36,0.33,0.08,0.25,53,"Dipsea",0,0,0,1,4,0,0,0,0,0,0,0,2,0,0,0,0,0,0,0,0,0,0,0,0,0,0,0,0
615.04,615,"Redwood Creek Mainstem","CO","2022","YoY",57,1.81,0.97735875546052,37.89236,-122.572321,"Mid-Channel Pool",19.8,3.2,63.36,0.33,0.08,0.25,53,"Dipsea",0,0,0,0,2,0,0,0,1,0,0,0,1,0,0,0,0,0,0,0,0,0,0,0,0,0,0,0,0
615.05,615,"Redwood Creek Mainstem","CO","2022","YoY",61,2.5,1.10141377472123,37.89236,-122.572321,"Mid-Channel Pool",19.8,3.2,63.36,0.33,0.08,0.25,53,"Dipsea",0,0,0,2,1,0,0,0,0,0,0,0,3,0,0,0,0,0,0,0,0,0,0,0,0,0,0,0,0
615.06,615,"Redwood Creek Mainstem","CO","2022","YoY",67,3.4,1.13045820130801,37.89236,-122.572321,"Mid-Channel Pool",19.8,3.2,63.36,0.33,0.08,0.25,53,"Dipsea",0,0,0,0,3,0,0,0,0,0,0,0,0,0,0,0,0,0,0,0,0,0,0,0,0,0,0,0,0
615.07,615,"Redwood Creek Mainstem","SH","2022","YoY",68,4.06,1.29121717891309,37.89236,-122.572321,"Mid-Channel Pool",19.8,3.2,63.36,0.33,0.08,0.25,53,"Dipsea",0,0,0,0,2,0,0,10,0,0,0,0,4,0,0,0,0,0,0,0,0,0,0,0,0,0,0,0,0
615.08,615,"Redwood Creek Mainstem","SH","2022","YoY",79,5.9,1.19665989911549,37.89236,-122.572321,"Mid-Channel Pool",19.8,3.2,63.36,0.33,0.08,0.25,53,"Dipsea",0,0,0,0,0,0,0,0,0,0,0,0,0,0,0,0,0,0,0,0,0,0,0,0,0,0,0,0,0
615.09,615,"Redwood Creek Mainstem","SH","2022","1+",130,23.59,1.0737369139736,37.89236,-122.572321,"Mid-Channel Pool",19.8,3.2,63.36,0.33,0.08,0.25,53,"Dipsea",0,0,0,0,0,0,0,0,0,0,0,0,3,0,0,0,0,0,0,0,0,0,0,0,0,0,0,0,0
615.1,615,"Redwood Creek Mainstem","CO","2022","YoY",58,2.34,1.19931116486941,37.89236,-122.572321,"Mid-Channel Pool",19.8,3.2,63.36,0.33,0.08,0.25,53,"Dipsea",0,0,0,0,3,0,0,0,0,0,0,0,0,0,0,0,0,0,0,0,0,0,0,0,0,0,0,0,0
615.11,615,"Redwood Creek Mainstem","SH","2022","1+",139,27.79,1.03477075489859,37.89236,-122.572321,"Mid-Channel Pool",19.8,3.2,63.36,0.33,0.08,0.25,53,"Dipsea",0,0,0,0,0,0,0,3,1,0,0,0,0,0,0,0,0,0,0,0,0,0,0,0,0,0,0,0,0
615.12,615,"Redwood Creek Mainstem","SH","2022","YoY",87,7.66,1.16324451065523,37.89236,-122.572321,"Mid-Channel Pool",19.8,3.2,63.36,0.33,0.08,0.25,53,"Dipsea",0,0,0,0,0,0,0,7,0,0,0,0,0,0,0,0,0,0,0,0,0,0,0,0,0,0,0,0,0
615.13,615,"Redwood Creek Mainstem","SH","2022","YoY",75,5.14,1.21837037037037,37.89236,-122.572321,"Mid-Channel Pool",19.8,3.2,63.36,0.33,0.08,0.25,53,"Dipsea",0,0,0,1,0,0,0,30,0,0,1,0,3,0,0,0,0,0,0,0,0,0,0,0,0,0,0,0,0
615.14,615,"Redwood Creek Mainstem","SH","2022","YoY",68,4.04,1.2848565031549,37.89236,-122.572321,"Mid-Channel Pool",19.8,3.2,63.36,0.33,0.08,0.25,53,"Dipsea",0,0,0,0,7,0,0,3,0,0,0,0,14,0,0,0,0,0,0,0,0,0,0,0,0,0,0,0,0
615.15,615,"Redwood Creek Mainstem","CH","2022","YoY",56,2,1.13884839650146,37.89236,-122.572321,"Mid-Channel Pool",19.8,3.2,63.36,0.33,0.08,0.25,53,"Dipsea",0,0,0,1,6,0,1,0,1,0,0,1,0,0,0,0,0,0,0,0,0,0,0,0,0,0,0,0,0
615.16,615,"Redwood Creek Mainstem","SH","2022","YoY",80,5.65,1.103515625,37.89236,-122.572321,"Mid-Channel Pool",19.8,3.2,63.36,0.33,0.08,0.25,53,"Dipsea",0,0,0,0,0,0,0,0,0,0,0,0,0,0,0,0,0,0,0,0,0,0,0,0,0,0,0,0,0
615.17,615,"Redwood Creek Mainstem","CO","2022","YoY",70,3.9,1.13702623906706,37.89236,-122.572321,"Mid-Channel Pool",19.8,3.2,63.36,0.33,0.08,0.25,53,"Dipsea",0,0,0,3,4,0,0,2,0,0,0,0,1,0,0,0,0,0,0,0,0,0,0,0,0,0,0,0,0
615.18,615,"Redwood Creek Mainstem","SH","2022","YoY",72,4.72,1.26457475994513,37.89236,-122.572321,"Mid-Channel Pool",19.8,3.2,63.36,0.33,0.08,0.25,53,"Dipsea",0,0,0,1,9,0,0,13,0,0,1,0,1,0,0,0,0,0,0,0,0,0,0,0,0,0,0,0,0
701.01,701,"Redwood Creek Mainstem","CO","2022","YoY",53,1.52,1.02097704816728,37.899186,-122.576559,"Mid-Channel Pool",16.8,3.7,62.16,0.49,0.09,0.4,63,"Dipsea",0,0,0,1,14,0,0,0,0,0,0,0,1,0,0,0,0,0,0,0,0,0,0,0,0,0,0,0,0
701.02,701,"Redwood Creek Mainstem","CO","2022","YoY",58,2.17,1.11218172126778,37.899186,-122.576559,"Mid-Channel Pool",16.8,3.7,62.16,0.49,0.09,0.4,63,"Dipsea",0,0,0,0,0,0,0,0,0,0,0,1,1,0,0,0,0,0,0,0,0,0,0,0,0,0,0,0,0
701.03,701,"Redwood Creek Mainstem","CO","2022","YoY",57,1.88,1.01515716036783,37.899186,-122.576559,"Mid-Channel Pool",16.8,3.7,62.16,0.49,0.09,0.4,63,"Dipsea",0,0,0,0,11,0,0,0,0,0,0,1,1,0,0,0,0,0,0,0,0,0,0,0,0,0,0,0,0
701.04,701,"Redwood Creek Mainstem","CO","2022","YoY",62,2.61,1.0951294014971,37.899186,-122.576559,"Mid-Channel Pool",16.8,3.7,62.16,0.49,0.09,0.4,63,"Dipsea",0,0,0,0,5,0,0,3,0,0,1,0,2,0,0,0,0,0,0,0,0,0,0,0,0,0,0,0,0
701.05,701,"Redwood Creek Mainstem","CO","2022","YoY",59,2.26,1.10040461780416,37.899186,-122.576559,"Mid-Channel Pool",16.8,3.7,62.16,0.49,0.09,0.4,63,"Dipsea",0,0,0,2,6,0,2,0,0,0,0,0,1,1,0,0,0,0,0,0,0,0,0,1,0,0,0,0,0
701.06,701,"Redwood Creek Mainstem","CH","2022","YoY",56,1.8,1.02496355685131,37.899186,-122.576559,"Mid-Channel Pool",16.8,3.7,62.16,0.49,0.09,0.4,63,"Dipsea",0,2,0,3,6,0,1,0,0,0,0,0,1,2,0,0,0,0,0,0,0,0,0,0,0,0,0,1,0
701.07,701,"Redwood Creek Mainstem","CH","2022","YoY",54,1.67,1.06055987400295,37.899186,-122.576559,"Mid-Channel Pool",16.8,3.7,62.16,0.49,0.09,0.4,63,"Dipsea",0,0,1,0,3,0,0,0,0,0,0,0,0,1,0,0,0,0,0,0,0,0,0,0,0,0,0,0,0
730.01,730,"Redwood Creek Mainstem","CO","2022","YoY",61,2.51,1.10581942982012,37.900977,-122.580126,"Scour Pool",13.3,2.7,35.91,0.69,0.1,0.59,67,"Dipsea",0,0,0,1,18,0,0,0,0,0,0,0,4,2,0,1,0,0,0,0,0,0,0,0,0,0,0,0,0
730.02,730,"Redwood Creek Mainstem","CO","2022","YoY",61,2.43,1.07057418902904,37.900977,-122.580126,"Scour Pool",13.3,2.7,35.91,0.69,0.1,0.59,67,"Dipsea",0,0,0,0,5,0,0,0,0,0,0,1,3,1,0,2,0,0,0,0,0,0,0,0,0,0,0,0,0
730.03,730,"Redwood Creek Mainstem","CO","2022","YoY",56,1.89,1.07621173469388,37.900977,-122.580126,"Scour Pool",13.3,2.7,35.91,0.69,0.1,0.59,67,"Dipsea",0,0,0,1,13,0,1,0,0,0,0,3,3,1,0,0,0,0,0,0,0,0,0,0,0,0,0,1,0
730.04,730,"Redwood Creek Mainstem","SH","2022","1+",124,19.15,1.00439310530026,37.900977,-122.580126,"Scour Pool",13.3,2.7,35.91,0.69,0.1,0.59,67,"Dipsea",0,0,0,0,0,0,0,0,1,0,0,0,0,1,0,0,0,0,0,0,0,0,0,0,0,0,0,0,0
730.05,730,"Redwood Creek Mainstem","CO","2022","YoY",66,3.22,1.1200155828255,37.900977,-122.580126,"Scour Pool",13.3,2.7,35.91,0.69,0.1,0.59,67,"Dipsea",0,0,0,1,1,0,1,0,7,0,0,2,5,0,0,0,0,0,0,0,0,0,0,0,0,0,0,0,0
730.06,730,"Redwood Creek Mainstem","CO","2022","YoY",62,2.65,1.11191299385721,37.900977,-122.580126,"Scour Pool",13.3,2.7,35.91,0.69,0.1,0.59,67,"Dipsea",0,0,0,2,4,0,0,0,1,0,0,0,3,0,0,1,0,0,0,0,0,0,0,0,0,0,0,0,0
730.07,730,"Redwood Creek Mainstem","CO","2022","YoY",58,2.08,1.06605436877281,37.900977,-122.580126,"Scour Pool",13.3,2.7,35.91,0.69,0.1,0.59,67,"Dipsea",0,0,0,4,13,0,1,0,0,0,0,1,1,1,0,0,0,0,0,0,0,0,0,0,0,0,0,0,0
730.08,730,"Redwood Creek Mainstem","SH","2022","YoY",73,4.45,1.14390887801818,37.900977,-122.580126,"Scour Pool",13.3,2.7,35.91,0.69,0.1,0.59,67,"Dipsea",0,0,0,0,0,0,0,0,0,0,0,0,0,0,0,0,0,0,0,0,0,0,0,0,0,0,0,0,0
738.01,738,"Redwood Creek Mainstem","CO","2022","YoY",62,2.43,1.01960323587661,37.901088,-122.581296,"Flatwater",5,1.2,6,0.21,0.1,0.11,68,"Dipsea",0,0,0,0,4,0,0,0,0,0,1,1,0,0,0,0,0,0,0,0,0,0,0,0,0,0,0,0,0
738.02,738,"Redwood Creek Mainstem","CO","2022","YoY",67,3.76,1.25015377556415,37.901088,-122.581296,"Flatwater",5,1.2,6,0.21,0.1,0.11,68,"Dipsea",0,0,0,0,0,0,0,0,0,0,0,0,0,0,0,1,0,0,0,0,0,0,0,0,0,0,0,0,0
738.03,738,"Redwood Creek Mainstem","SH","2022","1+",129,22.28,1.0378774,37.901088,-122.581296,"Flatwater",5,1.2,6,0.21,0.1,0.11,68,"Dipsea",0,0,0,0,0,0,0,0,0,0,0,0,2,1,0,0,0,0,0,0,0,0,0,0,0,0,0,0,1
738.04,738,"Redwood Creek Mainstem","CO","2022","YoY",57,2.13,1.15015146360824,37.901088,-122.581296,"Flatwater",5,1.2,6,0.21,0.1,0.11,68,"Dipsea",0,0,0,0,5,0,0,0,0,0,3,1,2,0,0,0,0,0,0,0,0,0,0,2,0,0,0,0,0
738.05,738,"Redwood Creek Mainstem","CO","2022","YoY",59,2.35,1.14422604063707,37.901088,-122.581296,"Flatwater",5,1.2,6,0.21,0.1,0.11,68,"Dipsea",0,0,0,0,0,0,0,0,0,0,0,0,0,0,0,0,0,0,0,0,0,0,0,0,0,0,0,0,0
738.06,738,"Redwood Creek Mainstem","CH","2022","YoY",64,2.87,1.09481811523438,37.901088,-122.581296,"Flatwater",5,1.2,6,0.21,0.1,0.11,68,"Dipsea",0,0,0,1,2,0,0,0,0,0,0,0,1,0,0,0,0,0,0,0,0,0,0,0,0,0,0,0,0
738.07,738,"Redwood Creek Mainstem","SH","2022","YoY",72,4.59,1.22974537037037,37.901088,-122.581296,"Flatwater",5,1.2,6,0.21,0.1,0.11,68,"Dipsea",0,0,0,0,10,0,0,7,0,0,0,0,8,0,0,0,0,0,0,0,0,0,0,0,0,0,0,0,0
738.08,738,"Redwood Creek Mainstem","CO","2022","YoY",57,1.97,1.06375510953438,37.901088,-122.581296,"Flatwater",5,1.2,6,0.21,0.1,0.11,68,"Dipsea",0,0,0,0,6,0,0,0,0,0,0,0,2,1,0,0,0,0,0,0,0,0,0,0,0,0,0,0,0
2.01,2,"Redwood Creek Mainstem","SH","2022","YoY",51,1.44,1.0855553293982,37.860157,-122.57767,"Mid-Channel Pool",341.3,10,3413,1.6,0.3,1.3,0.1,"PacificWay",0,0,0,1,1,0,0,4,1,0,0,0,0,0,0,0,0,0,0,0,0,0,0,0,0,0,0,0,0
2.1,2,"Redwood Creek Mainstem","SH","2022","1+",113,16.75,1.16085902181514,37.860157,-122.57767,"Mid-Channel Pool",341.3,10,3413,1.6,0.3,1.3,0.1,"PacificWay",0,0,0,0,3,18,0,0,0,0,0,0,0,0,0,0,0,0,0,0,0,0,0,0,0,0,0,0,0
2.11,2,"Redwood Creek Mainstem","SH","2022","YoY",91,9.04,1.19962153532978,37.860157,-122.57767,"Mid-Channel Pool",341.3,10,3413,1.6,0.3,1.3,0.1,"PacificWay",0,0,0,0,0,0,0,0,0,0,0,0,0,0,0,0,0,0,0,0,0,0,0,0,0,0,0,0,0
2.12,2,"Redwood Creek Mainstem","SH","2022","YoY",76,4.93,1.12306823152063,37.860157,-122.57767,"Mid-Channel Pool",341.3,10,3413,1.6,0.3,1.3,0.1,"PacificWay",0,0,0,0,2,0,0,0,0,2,0,0,0,0,0,0,0,0,0,0,0,0,0,0,0,0,0,0,0
2.13,2,"Redwood Creek Mainstem","SH","2022","1+",107,14.96,1.22118162382871,37.860157,-122.57767,"Mid-Channel Pool",341.3,10,3413,1.6,0.3,1.3,0.1,"PacificWay",0,1,0,0,4,0,0,0,1,0,1,0,0,0,0,0,0,0,0,0,0,0,0,0,0,0,0,0,0
2.14,2,"Redwood Creek Mainstem","SH","2022","YoY",95,9.13,1.06487826213734,37.860157,-122.57767,"Mid-Channel Pool",341.3,10,3413,1.6,0.3,1.3,0.1,"PacificWay",0,0,0,0,2,0,0,0,0,0,0,0,0,0,0,0,0,0,0,0,0,0,0,0,0,0,0,0,0
2.15,2,"Redwood Creek Mainstem","SH","2022","1+",112,16.59,1.18084343112245,37.860157,-122.57767,"Mid-Channel Pool",341.3,10,3413,1.6,0.3,1.3,0.1,"PacificWay",13,3,0,0,2,7,0,0,0,8,0,0,0,0,0,0,0,0,0,0,0,0,0,0,0,0,0,0,0
2.16,2,"Redwood Creek Mainstem","SH","2022","1+",176,64.28,1.1790653174305,37.860157,-122.57767,"Mid-Channel Pool",341.3,10,3413,1.6,0.3,1.3,0.1,"PacificWay",0,3,0,0,5,0,1,0,0,16,0,0,0,0,0,0,0,0,0,0,0,0,0,0,0,0,0,0,0
2.17,2,"Redwood Creek Mainstem","SH","2022","1+",179,56.83,0.990874297055501,37.860157,-122.57767,"Mid-Channel Pool",341.3,10,3413,1.6,0.3,1.3,0.1,"PacificWay",0,2,0,0,3,3,0,0,0,0,0,0,0,0,0,0,0,0,0,0,0,0,0,0,0,0,0,0,0
2.18,2,"Redwood Creek Mainstem","SH","2022","1+",102,11.92,1.12324822278008,37.860157,-122.57767,"Mid-Channel Pool",341.3,10,3413,1.6,0.3,1.3,0.1,"PacificWay",0,4,0,0,2,2,0,0,0,2,0,1,0,0,0,0,0,0,0,0,0,0,0,0,0,0,0,0,0
2.19,2,"Redwood Creek Mainstem","SH","2022","1+",103,12.28,1.12379395768568,37.860157,-122.57767,"Mid-Channel Pool",341.3,10,3413,1.6,0.3,1.3,0.1,"PacificWay",0,0,0,0,1,7,0,0,0,0,0,0,0,0,0,0,0,0,0,0,0,0,0,0,0,0,0,0,0
2.02,2,"Redwood Creek Mainstem","SH","2022","YoY",97,11.16,1.22278187258744,37.860157,-122.57767,"Mid-Channel Pool",341.3,10,3413,1.6,0.3,1.3,0.1,"PacificWay",0,0,0,0,0,34,0,0,0,0,0,0,0,0,0,0,0,0,0,0,0,0,0,0,0,0,0,0,0
2.2,2,"Redwood Creek Mainstem","SH","2022","1+",108,15.53,1.23282147030432,37.860157,-122.57767,"Mid-Channel Pool",341.3,10,3413,1.6,0.3,1.3,0.1,"PacificWay",0,0,0,0,0,0,1,0,0,50,0,0,0,0,0,0,0,0,0,0,0,0,0,0,0,0,0,0,0
2.21,2,"Redwood Creek Mainstem","CH","2022","YoY",95,8.3,0.96807114739758,37.860157,-122.57767,"Mid-Channel Pool",341.3,10,3413,1.6,0.3,1.3,0.1,"PacificWay",0,0,0,0,6,0,0,0,0,0,0,0,0,0,0,0,0,0,0,0,0,0,0,0,0,0,0,0,0
2.22,2,"Redwood Creek Mainstem","CH","2022","YoY",85,6.52,1.06167311215143,37.860157,-122.57767,"Mid-Channel Pool",341.3,10,3413,1.6,0.3,1.3,0.1,"PacificWay",0,0,0,0,6,0,0,0,1,0,0,0,0,0,0,0,0,0,0,0,0,0,0,0,0,0,0,0,0
2.23,2,"Redwood Creek Mainstem","CH","2022","YoY",68,3.51,1.11629859556279,37.860157,-122.57767,"Mid-Channel Pool",341.3,10,3413,1.6,0.3,1.3,0.1,"PacificWay",0,0,0,0,3,0,0,0,0,0,0,0,0,0,0,0,0,0,0,0,0,0,0,0,0,0,0,0,0
2.24,2,"Redwood Creek Mainstem","CH","2022","YoY",75,4.15,0.983703703703704,37.860157,-122.57767,"Mid-Channel Pool",341.3,10,3413,1.6,0.3,1.3,0.1,"PacificWay",0,0,0,1,0,0,0,0,0,0,0,0,0,0,0,0,0,0,0,0,0,0,0,0,0,0,0,0,0
2.03,2,"Redwood Creek Mainstem","SH","2022","YoY",72,4.15,1.11186128257887,37.860157,-122.57767,"Mid-Channel Pool",341.3,10,3413,1.6,0.3,1.3,0.1,"PacificWay",1,0,0,3,0,0,1,0,0,0,0,0,0,0,0,0,0,0,0,0,0,0,0,0,0,0,0,0,0
2.04,2,"Redwood Creek Mainstem","SH","2022","YoY",95,9.36,1.09170433007727,37.860157,-122.57767,"Mid-Channel Pool",341.3,10,3413,1.6,0.3,1.3,0.1,"PacificWay",0,1,0,0,3,0,0,0,0,1,0,0,0,0,0,0,0,0,0,0,0,0,0,0,0,0,0,0,0
2.05,2,"Redwood Creek Mainstem","SH","2022","YoY",95,10.47,1.22116926665695,37.860157,-122.57767,"Mid-Channel Pool",341.3,10,3413,1.6,0.3,1.3,0.1,"PacificWay",0,1,0,0,2,0,0,0,0,0,0,0,0,0,0,0,0,0,0,0,0,0,0,0,0,0,0,0,0
2.06,2,"Redwood Creek Mainstem","SH","2022","1+",109,14.2,1.09650054168671,37.860157,-122.57767,"Mid-Channel Pool",341.3,10,3413,1.6,0.3,1.3,0.1,"PacificWay",0,4,0,0,3,0,5,0,0,9,0,0,0,0,0,0,0,0,0,0,0,0,0,0,0,0,0,0,0
2.07,2,"Redwood Creek Mainstem","SH","2022","YoY",77,4.84,1.06016432547045,37.860157,-122.57767,"Mid-Channel Pool",341.3,10,3413,1.6,0.3,1.3,0.1,"PacificWay",0,0,0,1,2,1,0,0,0,0,0,0,0,0,0,0,0,0,0,0,0,0,0,0,0,0,0,0,0
2.08,2,"Redwood Creek Mainstem","SH","2022","1+",103,12.86,1.17687217392816,37.860157,-122.57767,"Mid-Channel Pool",341.3,10,3413,1.6,0.3,1.3,0.1,"PacificWay",0,4,0,0,1,0,0,0,0,14,0,0,0,0,0,0,0,0,0,0,0,0,0,0,0,0,0,0,0
2.09,2,"Redwood Creek Mainstem","SH","2022","YoY",60,2.32,1.07407407407407,37.860157,-122.57767,"Mid-Channel Pool",341.3,10,3413,1.6,0.3,1.3,0.1,"PacificWay",0,0,0,0,7,0,0,0,0,3,1,0,0,0,0,0,0,0,0,0,0,0,0,0,0,0,0,0,0
